hazard_id,status,archived_episode,last_hit_episode,hit_count,archive_cycles,source_candidate_visits,unknown_actions,safe_actions,blocked_actions,unknown_mask,safe_mask,blocked_mask,total_action_attempts,total_safe_outcomes,total_collision_outcomes,total_out_of_road_outcomes,total_warnings,action_attempt_counts,safe_outcome_counts,collision_outcome_counts,out_of_road_outcome_counts,warning_counts
89664,HAZARD,237,-1,0,1,0,8,0,1,479,0,32,1,0,0,1,0,0|0|0|0|0|1|0|0|0,0|0|0|0|0|0|0|0|0,0|0|0|0|0|0|0|0|0,0|0|0|0|0|1|0|0|0,0|0|0|0|0|0|0|0|0
89677,HAZARD,238,-1,0,1,0,8,0,1,255,0,256,1,0,0,1,0,0|0|0|0|0|0|0|0|1,0|0|0|0|0|0|0|0|0,0|0|0|0|0|0|0|0|0,0|0|0|0|0|0|0|0|1,0|0|0|0|0|0|0|0|0
89793,HAZARD,239,-1,0,1,0,8,0,1,255,0,256,1,0,0,1,0,0|0|0|0|0|0|0|0|1,0|0|0|0|0|0|0|0|0,0|0|0|0|0|0|0|0|0,0|0|0|0|0|0|0|0|1,0|0|0|0|0|0|0|0|0
89806,HAZARD,240,-1,0,1,0,8,0,1,255,0,256,1,0,0,1,0,0|0|0|0|0|0|0|0|1,0|0|0|0|0|0|0|0|0,0|0|0|0|0|0|0|0|0,0|0|0|0|0|0|0|0|1,0|0|0|0|0|0|0|0|0
89859,HAZARD,241,-1,0,1,0,8,0,1,255,0,256,1,0,0,1,0,0|0|0|0|0|0|0|0|1,0|0|0|0|0|0|0|0|0,0|0|0|0|0|0|0|0|0,0|0|0|0|0|0|0|0|1,0|0|0|0|0|0|0|0|0
89902,HAZARD,242,-1,0,1,0,8,0,1,495,0,16,1,0,0,1,0,0|0|0|0|1|0|0|0|0,0|0|0|0|0|0|0|0|0,0|0|0|0|0|0|0|0|0,0|0|0|0|1|0|0|0|0,0|0|0|0|0|0|0|0|0
89915,HAZARD,243,-1,0,1,0,8,0,1,255,0,256,1,0,0,1,0,0|0|0|0|0|0|0|0|1,0|0|0|0|0|0|0|0|0,0|0|0|0|0|0|0|0|0,0|0|0|0|0|0|0|0|1,0|0|0|0|0|0|0|0|0
90043,HAZARD,244,-1,0,1,0,8,0,1,255,0,256,1,0,0,1,0,0|0|0|0|0|0|0|0|1,0|0|0|0|0|0|0|0|0,0|0|0|0|0|0|0|0|0,0|0|0|0|0|0|0|0|1,0|0|0|0|0|0|0|0|0
90056,HAZARD,245,-1,0,1,0,8,0,1,255,0,256,1,0,0,1,0,0|0|0|0|0|0|0|0|1,0|0|0|0|0|0|0|0|0,0|0|0|0|0|0|0|0|0,0|0|0|0|0|0|0|0|1,0|0|0|0|0|0|0|0|0
90120,HAZARD,246,-1,0,1,0,8,0,1,255,0,256,1,0,0,1,0,0|0|0|0|0|0|0|0|1,0|0|0|0|0|0|0|0|0,0|0|0|0|0|0|0|0|0,0|0|0|0|0|0|0|0|1,0|0|0|0|0|0|0|0|0
90151,HAZARD,247,-1,0,1,0,8,0,1,255,0,256,1,0,0,1,0,0|0|0|0|0|0|0|0|1,0|0|0|0|0|0|0|0|0,0|0|0|0|0|0|0|0|0,0|0|0|0|0|0|0|0|1,0|0|0|0|0|0|0|0|0
90164,HAZARD,248,-1,0,1,0,8,0,1,255,0,256,1,0,0,1,0,0|0|0|0|0|0|0|0|1,0|0|0|0|0|0|0|0|0,0|0|0|0|0|0|0|0|0,0|0|0|0|0|0|0|0|1,0|0|0|0|0|0|0|0|0
90207,HAZARD,249,-1,0,1,0,8,0,1,255,0,256,1,0,0,1,0,0|0|0|0|0|0|0|0|1,0|0|0|0|0|0|0|0|0,0|0|0|0|0|0|0|0|0,0|0|0|0|0|0|0|0|1,0|0|0|0|0|0|0|0|0
90220,HAZARD,250,-1,0,1,0,8,0,1,255,0,256,1,0,0,1,0,0|0|0|0|0|0|0|0|1,0|0|0|0|0|0|0|0|0,0|0|0|0|0|0|0|0|0,0|0|0|0|0|0|0|0|1,0|0|0|0|0|0|0|0|0
90233,HAZARD,251,-1,0,1,0,8,0,1,255,0,256,1,0,0,1,0,0|0|0|0|0|0|0|0|1,0|0|0|0|0|0|0|0|0,0|0|0|0|0|0|0|0|0,0|0|0|0|0|0|0|0|1,0|0|0|0|0|0|0|0|0
90264,HAZARD,252,-1,0,1,0,8,0,1,255,0,256,1,0,0,1,0,0|0|0|0|0|0|0|0|1,0|0|0|0|0|0|0|0|0,0|0|0|0|0|0|0|0|0,0|0|0|0|0|0|0|0|1,0|0|0|0|0|0|0|0|0
90278,HAZARD,253,-1,0,1,0,8,0,1,255,0,256,1,0,0,1,0,0|0|0|0|0|0|0|0|1,0|0|0|0|0|0|0|0|0,0|0|0|0|0|0|0|0|0,0|0|0|0|0|0|0|0|1,0|0|0|0|0|0|0|0|0
90308,HAZARD,254,-1,0,1,0,8,0,1,255,0,256,1,0,0,1,0,0|0|0|0|0|0|0|0|1,0|0|0|0|0|0|0|0|0,0|0|0|0|0|0|0|0|0,0|0|0|0|0|0|0|0|1,0|0|0|0|0|0|0|0|0
90822,HAZARD,256,-1,0,1,0,8,0,1,255,0,256,1,0,0,1,0,0|0|0|0|0|0|0|0|1,0|0|0|0|0|0|0|0|0,0|0|0|0|0|0|0|0|0,0|0|0|0|0|0|0|0|1,0|0|0|0|0|0|0|0|0
91013,HAZARD,257,-1,0,1,0,8,0,1,255,0,256,1,0,0,1,0,0|0|0|0|0|0|0|0|1,0|0|0|0|0|0|0|0|0,0|0|0|0|0|0|0|0|0,0|0|0|0|0|0|0|0|1,0|0|0|0|0|0|0|0|0
91538,HAZARD,259,-1,0,1,0,8,0,1,503,0,8,1,0,0,1,0,0|0|0|1|0|0|0|0|0,0|0|0|0|0|0|0|0|0,0|0|0|0|0|0|0|0|0,0|0|0|1|0|0|0|0|0,0|0|0|0|0|0|0|0|0
91701,HAZARD,260,-1,0,1,0,8,0,1,255,0,256,1,0,0,1,0,0|0|0|0|0|0|0|0|1,0|0|0|0|0|0|0|0|0,0|0|0|0|0|0|0|0|0,0|0|0|0|0|0|0|0|1,0|0|0|0|0|0|0|0|0
91714,HAZARD,261,-1,0,1,0,8,0,1,255,0,256,1,0,0,1,0,0|0|0|0|0|0|0|0|1,0|0|0|0|0|0|0|0|0,0|0|0|0|0|0|0|0|0,0|0|0|0|0|0|0|0|1,0|0|0|0|0|0|0|0|0
92227,HAZARD,263,-1,0,1,0,8,0,1,255,0,256,1,0,0,1,0,0|0|0|0|0|0|0|0|1,0|0|0|0|0|0|0|0|0,0|0|0|0|0|0|0|0|0,0|0|0|0|0|0|0|0|1,0|0|0|0|0|0|0|0|0
92264,HAZARD,264,-1,0,1,0,8,0,1,255,0,256,1,0,0,1,0,0|0|0|0|0|0|0|0|1,0|0|0|0|0|0|0|0|0,0|0|0|0|0|0|0|0|0,0|0|0|0|0|0|0|0|1,0|0|0|0|0|0|0|0|0
92299,HAZARD,265,-1,0,1,0,8,0,1,255,0,256,1,0,0,1,0,0|0|0|0|0|0|0|0|1,0|0|0|0|0|0|0|0|0,0|0|0|0|0|0|0|0|0,0|0|0|0|0|0|0|0|1,0|0|0|0|0|0|0|0|0
92312,HAZARD,266,-1,0,1,0,8,0,1,255,0,256,1,0,0,1,0,0|0|0|0|0|0|0|0|1,0|0|0|0|0|0|0|0|0,0|0|0|0|0|0|0|0|0,0|0|0|0|0|0|0|0|1,0|0|0|0|0|0|0|0|0
92345,HAZARD,267,-1,0,1,0,8,0,1,255,0,256,1,0,0,1,0,0|0|0|0|0|0|0|0|1,0|0|0|0|0|0|0|0|0,0|0|0|0|0|0|0|0|0,0|0|0|0|0|0|0|0|1,0|0|0|0|0|0|0|0|0
92469,HAZARD,268,-1,0,1,0,8,0,1,255,0,256,1,0,0,1,0,0|0|0|0|0|0|0|0|1,0|0|0|0|0|0|0|0|0,0|0|0|0|0|0|0|0|0,0|0|0|0|0|0|0|0|1,0|0|0|0|0|0|0|0|0
92482,HAZARD,269,-1,0,1,0,8,0,1,255,0,256,1,0,0,1,0,0|0|0|0|0|0|0|0|1,0|0|0|0|0|0|0|0|0,0|0|0|0|0|0|0|0|0,0|0|0|0|0|0|0|0|1,0|0|0|0|0|0|0|0|0
92495,HAZARD,270,-1,0,1,0,8,0,1,255,0,256,1,0,0,1,0,0|0|0|0|0|0|0|0|1,0|0|0|0|0|0|0|0|0,0|0|0|0|0|0|0|0|0,0|0|0|0|0|0|0|0|1,0|0|0|0|0|0|0|0|0
92519,HAZARD,271,-1,0,1,0,8,0,1,255,0,256,1,0,0,1,0,0|0|0|0|0|0|0|0|1,0|0|0|0|0|0|0|0|0,0|0|0|0|0|0|0|0|0,0|0|0|0|0|0|0|0|1,0|0|0|0|0|0|0|0|0
93055,HAZARD,273,-1,0,1,0,8,0,1,509,0,2,1,0,0,1,0,0|1|0|0|0|0|0|0|0,0|0|0|0|0|0|0|0|0,0|0|0|0|0|0|0|0|0,0|1|0|0|0|0|0|0|0,0|0|0|0|0|0|0|0|0
93079,HAZARD,274,-1,0,1,0,8,0,1,503,0,8,1,0,0,1,0,0|0|0|1|0|0|0|0|0,0|0|0|0|0|0|0|0|0,0|0|0|0|0|0|0|0|0,0|0|0|1|0|0|0|0|0,0|0|0|0|0|0|0|0|0
93112,HAZARD,275,-1,0,1,0,8,0,1,255,0,256,1,0,0,1,0,0|0|0|0|0|0|0|0|1,0|0|0|0|0|0|0|0|0,0|0|0|0|0|0|0|0|0,0|0|0|0|0|0|0|0|1,0|0|0|0|0|0|0|0|0
93125,HAZARD,276,-1,0,1,0,8,0,1,255,0,256,1,0,0,1,0,0|0|0|0|0|0|0|0|1,0|0|0|0|0|0|0|0|0,0|0|0|0|0|0|0|0|0,0|0|0|0|0|0|0|0|1,0|0|0|0|0|0|0|0|0
93149,HAZARD,277,-1,0,1,0,8,0,1,255,0,256,1,0,0,1,0,0|0|0|0|0|0|0|0|1,0|0|0|0|0|0|0|0|0,0|0|0|0|0|0|0|0|0,0|0|0|0|0|0|0|0|1,0|0|0|0|0|0|0|0|0
93162,HAZARD,278,-1,0,1,0,8,0,1,255,0,256,1,0,0,1,0,0|0|0|0|0|0|0|0|1,0|0|0|0|0|0|0|0|0,0|0|0|0|0|0|0|0|0,0|0|0|0|0|0|0|0|1,0|0|0|0|0|0|0|0|0
93186,HAZARD,279,-1,0,1,0,8,0,1,255,0,256,1,0,0,1,0,0|0|0|0|0|0|0|0|1,0|0|0|0|0|0|0|0|0,0|0|0|0|0|0|0|0|0,0|0|0|0|0|0|0|0|1,0|0|0|0|0|0|0|0|0
93200,HAZARD,280,-1,0,1,0,8,0,1,255,0,256,1,0,0,1,0,0|0|0|0|0|0|0|0|1,0|0|0|0|0|0|0|0|0,0|0|0|0|0|0|0|0|0,0|0|0|0|0|0|0|0|1,0|0|0|0|0|0|0|0|0
93213,HAZARD,281,-1,0,1,0,8,0,1,255,0,256,1,0,0,1,0,0|0|0|0|0|0|0|0|1,0|0|0|0|0|0|0|0|0,0|0|0|0|0|0|0|0|0,0|0|0|0|0|0|0|0|1,0|0|0|0|0|0|0|0|0
93757,HAZARD,283,-1,0,1,0,8,0,1,255,0,256,1,0,0,1,0,0|0|0|0|0|0|0|0|1,0|0|0|0|0|0|0|0|0,0|0|0|0|0|0|0|0|0,0|0|0|0|0|0|0|0|1,0|0|0|0|0|0|0|0|0
93805,HAZARD,284,-1,0,1,0,8,0,1,255,0,256,1,0,0,1,0,0|0|0|0|0|0|0|0|1,0|0|0|0|0|0|0|0|0,0|0|0|0|0|0|0|0|0,0|0|0|0|0|0|0|0|1,0|0|0|0|0|0|0|0|0
93818,HAZARD,285,-1,0,1,0,8,0,1,255,0,256,1,0,0,1,0,0|0|0|0|0|0|0|0|1,0|0|0|0|0|0|0|0|0,0|0|0|0|0|0|0|0|0,0|0|0|0|0|0|0|0|1,0|0|0|0|0|0|0|0|0
93841,HAZARD,286,-1,0,1,0,8,0,1,255,0,256,1,0,0,1,0,0|0|0|0|0|0|0|0|1,0|0|0|0|0|0|0|0|0,0|0|0|0|0|0|0|0|0,0|0|0|0|0|0|0|0|1,0|0|0|0|0|0|0|0|0
94354,HAZARD,288,-1,0,1,0,8,0,1,255,0,256,1,0,0,1,0,0|0|0|0|0|0|0|0|1,0|0|0|0|0|0|0|0|0,0|0|0|0|0|0|0|0|0,0|0|0|0|0|0|0|0|1,0|0|0|0|0|0|0|0|0
94377,HAZARD,289,-1,0,1,0,8,0,1,495,0,16,1,0,0,1,0,0|0|0|0|1|0|0|0|0,0|0|0|0|0|0|0|0|0,0|0|0|0|0|0|0|0|0,0|0|0|0|1|0|0|0|0,0|0|0|0|0|0|0|0|0
94390,HAZARD,290,-1,0,1,0,8,0,1,255,0,256,1,0,0,1,0,0|0|0|0|0|0|0|0|1,0|0|0|0|0|0|0|0|0,0|0|0|0|0|0|0|0|0,0|0|0|0|0|0|0|0|1,0|0|0|0|0|0|0|0|0
94403,HAZARD,291,-1,0,1,0,8,0,1,255,0,256,1,0,0,1,0,0|0|0|0|0|0|0|0|1,0|0|0|0|0|0|0|0|0,0|0|0|0|0|0|0|0|0,0|0|0|0|0|0|0|0|1,0|0|0|0|0|0|0|0|0
94416,HAZARD,292,-1,0,1,0,8,0,1,255,0,256,1,0,0,1,0,0|0|0|0|0|0|0|0|1,0|0|0|0|0|0|0|0|0,0|0|0|0|0|0|0|0|0,0|0|0|0|0|0|0|0|1,0|0|0|0|0|0|0|0|0
94440,HAZARD,293,-1,0,1,0,8,0,1,503,0,8,1,0,0,1,0,0|0|0|1|0|0|0|0|0,0|0|0|0|0|0|0|0|0,0|0|0|0|0|0|0|0|0,0|0|0|1|0|0|0|0|0,0|0|0|0|0|0|0|0|0
94473,HAZARD,294,-1,0,1,0,8,0,1,255,0,256,1,0,0,1,0,0|0|0|0|0|0|0|0|1,0|0|0|0|0|0|0|0|0,0|0|0|0|0|0|0|0|0,0|0|0|0|0|0|0|0|1,0|0|0|0|0|0|0|0|0
94506,HAZARD,295,-1,0,1,0,8,0,1,255,0,256,1,0,0,1,0,0|0|0|0|0|0|0|0|1,0|0|0|0|0|0|0|0|0,0|0|0|0|0|0|0|0|0,0|0|0|0|0|0|0|0|1,0|0|0|0|0|0|0|0|0
94519,HAZARD,296,-1,0,1,0,8,0,1,255,0,256,1,0,0,1,0,0|0|0|0|0|0|0|0|1,0|0|0|0|0|0|0|0|0,0|0|0|0|0|0|0|0|0,0|0|0|0|0|0|0|0|1,0|0|0|0|0|0|0|0|0
94551,HAZARD,297,-1,0,1,0,8,0,1,255,0,256,1,0,0,1,0,0|0|0|0|0|0|0|0|1,0|0|0|0|0|0|0|0|0,0|0|0|0|0|0|0|0|0,0|0|0|0|0|0|0|0|1,0|0|0|0|0|0|0|0|0
94564,HAZARD,298,-1,0,1,0,8,0,1,255,0,256,1,0,0,1,0,0|0|0|0|0|0|0|0|1,0|0|0|0|0|0|0|0|0,0|0|0|0|0|0|0|0|0,0|0|0|0|0|0|0|0|1,0|0|0|0|0|0|0|0|0
94588,HAZARD,299,-1,0,1,0,8,0,1,510,0,1,1,0,0,1,0,1|0|0|0|0|0|0|0|0,0|0|0|0|0|0|0|0|0,0|0|0|0|0|0|0|0|0,1|0|0|0|0|0|0|0|0,0|0|0|0|0|0|0|0|0
94612,HAZARD,300,-1,0,1,0,8,0,1,503,0,8,1,0,0,1,0,0|0|0|1|0|0|0|0|0,0|0|0|0|0|0|0|0|0,0|0|0|0|0|0|0|0|0,0|0|0|1|0|0|0|0|0,0|0|0|0|0|0|0|0|0
95625,HAZARD,303,-1,0,1,0,8,0,1,255,0,256,1,0,0,1,0,0|0|0|0|0|0|0|0|1,0|0|0|0|0|0|0|0|0,0|0|0|0|0|0|0|0|0,0|0|0|0|0|0|0|0|1,0|0|0|0|0|0|0|0|0
95638,HAZARD,304,-1,0,1,0,8,0,1,255,0,256,1,0,0,1,0,0|0|0|0|0|0|0|0|1,0|0|0|0|0|0|0|0|0,0|0|0|0|0|0|0|0|0,0|0|0|0|0|0|0|0|1,0|0|0|0|0|0|0|0|0
96670,HAZARD,307,-1,0,1,0,8,0,1,509,0,2,1,0,0,1,0,0|1|0|0|0|0|0|0|0,0|0|0|0|0|0|0|0|0,0|0|0|0|0|0|0|0|0,0|1|0|0|0|0|0|0|0,0|0|0|0|0|0|0|0|0
96695,HAZARD,308,-1,0,1,0,8,0,1,503,0,8,1,0,0,1,0,0|0|0|1|0|0|0|0|0,0|0|0|0|0|0|0|0|0,0|0|0|0|0|0|0|0|0,0|0|0|1|0|0|0|0|0,0|0|0|0|0|0|0|0|0
96726,HAZARD,309,-1,0,1,0,8,0,1,255,0,256,1,0,0,1,0,0|0|0|0|0|0|0|0|1,0|0|0|0|0|0|0|0|0,0|0|0|0|0|0|0|0|0,0|0|0|0|0|0|0|0|1,0|0|0|0|0|0|0|0|0
96760,HAZARD,310,-1,0,1,0,8,0,1,503,0,8,1,0,0,1,0,0|0|0|1|0|0|0|0|0,0|0|0|0|0|0|0|0|0,0|0|0|0|0|0|0|0|0,0|0|0|1|0|0|0|0|0,0|0|0|0|0|0|0|0|0
96786,HAZARD,311,-1,0,1,0,8,0,1,503,0,8,1,0,0,1,0,0|0|0|1|0|0|0|0|0,0|0|0|0|0|0|0|0|0,0|0|0|0|0|0|0|0|0,0|0|0|1|0|0|0|0|0,0|0|0|0|0|0|0|0|0
96804,HAZARD,312,-1,0,1,0,8,0,1,255,0,256,1,0,0,1,0,0|0|0|0|0|0|0|0|1,0|0|0|0|0|0|0|0|0,0|0|0|0|0|0|0|0|0,0|0|0|0|0|0|0|0|1,0|0|0|0|0|0|0|0|0
96837,HAZARD,313,-1,0,1,0,8,0,1,503,0,8,1,0,0,1,0,0|0|0|1|0|0|0|0|0,0|0|0|0|0|0|0|0|0,0|0|0|0|0|0|0|0|0,0|0|0|1|0|0|0|0|0,0|0|0|0|0|0|0|0|0
96850,HAZARD,314,-1,0,1,0,8,0,1,255,0,256,1,0,0,1,0,0|0|0|0|0|0|0|0|1,0|0|0|0|0|0|0|0|0,0|0|0|0|0|0|0|0|0,0|0|0|0|0|0|0|0|1,0|0|0|0|0|0|0|0|0
96864,HAZARD,315,-1,0,1,0,8,0,1,255,0,256,1,0,0,1,0,0|0|0|0|0|0|0|0|1,0|0|0|0|0|0|0|0|0,0|0|0|0|0|0|0|0|0,0|0|0|0|0|0|0|0|1,0|0|0|0|0|0|0|0|0
96937,HAZARD,316,-1,0,1,0,8,0,1,255,0,256,1,0,0,1,0,0|0|0|0|0|0|0|0|1,0|0|0|0|0|0|0|0|0,0|0|0|0|0|0|0|0|0,0|0|0|0|0|0|0|0|1,0|0|0|0|0|0|0|0|0
97474,HAZARD,318,-1,0,1,0,8,0,1,503,0,8,1,0,0,1,0,0|0|0|1|0|0|0|0|0,0|0|0|0|0|0|0|0|0,0|0|0|0|0|0|0|0|0,0|0|0|1|0|0|0|0|0,0|0|0|0|0|0|0|0|0
97709,HAZARD,319,-1,0,1,0,8,0,1,503,0,8,1,0,0,1,0,0|0|0|1|0|0|0|0|0,0|0|0|0|0|0|0|0|0,0|0|0|0|0|0|0|0|0,0|0|0|1|0|0|0|0|0,0|0|0|0|0|0|0|0|0
97722,HAZARD,320,-1,0,1,0,8,0,1,255,0,256,1,0,0,1,0,0|0|0|0|0|0|0|0|1,0|0|0|0|0|0|0|0|0,0|0|0|0|0|0|0|0|0,0|0|0|0|0|0|0|0|1,0|0|0|0|0|0|0|0|0
97747,HAZARD,321,-1,0,1,0,8,0,1,503,0,8,1,0,0,1,0,0|0|0|1|0|0|0|0|0,0|0|0|0|0|0|0|0|0,0|0|0|0|0|0|0|0|0,0|0|0|1|0|0|0|0|0,0|0|0|0|0|0|0|0|0
97760,HAZARD,322,-1,0,1,0,8,0,1,510,0,1,1,0,0,1,0,1|0|0|0|0|0|0|0|0,0|0|0|0|0|0|0|0|0,0|0|0|0|0|0|0|0|0,1|0|0|0|0|0|0|0|0,0|0|0|0|0|0|0|0|0
97794,HAZARD,323,-1,0,1,0,8,0,1,503,0,8,1,0,0,1,0,0|0|0|1|0|0|0|0|0,0|0|0|0|0|0|0|0|0,0|0|0|0|0|0|0|0|0,0|0|0|1|0|0|0|0|0,0|0|0|0|0|0|0|0|0
97807,HAZARD,324,-1,0,1,0,8,0,1,255,0,256,1,0,0,1,0,0|0|0|0|0|0|0|0|1,0|0|0|0|0|0|0|0|0,0|0|0|0|0|0|0|0|0,0|0|0|0|0|0|0|0|1,0|0|0|0|0|0|0|0|0
97842,HAZARD,325,-1,0,1,0,8,0,1,503,0,8,1,0,0,1,0,0|0|0|1|0|0|0|0|0,0|0|0|0|0|0|0|0|0,0|0|0|0|0|0|0|0|0,0|0|0|1|0|0|0|0|0,0|0|0|0|0|0|0|0|0
97986,HAZARD,326,-1,0,1,0,8,0,1,255,0,256,1,0,0,1,0,0|0|0|0|0|0|0|0|1,0|0|0|0|0|0|0|0|0,0|0|0|0|0|0|0|0|0,0|0|0|0|0|0|0|0|1,0|0|0|0|0|0|0|0|0
98511,HAZARD,328,-1,0,1,0,8,0,1,503,0,8,1,0,0,1,0,0|0|0|1|0|0|0|0|0,0|0|0|0|0|0|0|0|0,0|0|0|0|0|0|0|0|0,0|0|0|1|0|0|0|0|0,0|0|0|0|0|0|0|0|0
98538,HAZARD,329,-1,0,1,0,8,0,1,503,0,8,1,0,0,1,0,0|0|0|1|0|0|0|0|0,0|0|0|0|0|0|0|0|0,0|0|0|0|0|0|0|0|0,0|0|0|1|0|0|0|0|0,0|0|0|0|0|0|0|0|0
98641,HAZARD,330,-1,0,1,0,8,0,1,255,0,256,1,0,0,1,0,0|0|0|0|0|0|0|0|1,0|0|0|0|0|0|0|0|0,0|0|0|0|0|0|0|0|0,0|0|0|0|0|0|0|0|1,0|0|0|0|0|0|0|0|0
98654,HAZARD,331,-1,0,1,0,8,0,1,255,0,256,1,0,0,1,0,0|0|0|0|0|0|0|0|1,0|0|0|0|0|0|0|0|0,0|0|0|0|0|0|0|0|0,0|0|0|0|0|0|0|0|1,0|0|0|0|0|0|0|0|0
99232,HAZARD,333,-1,0,1,0,8,0,1,503,0,8,1,0,0,1,0,0|0|0|1|0|0|0|0|0,0|0|0|0|0|0|0|0|0,0|0|0|0|0|0|0|0|0,0|0|0|1|0|0|0|0|0,0|0|0|0|0|0|0|0|0
99245,HAZARD,334,-1,0,1,0,8,0,1,255,0,256,1,0,0,1,0,0|0|0|0|0|0|0|0|1,0|0|0|0|0|0|0|0|0,0|0|0|0|0|0|0|0|0,0|0|0|0|0|0|0|0|1,0|0|0|0|0|0|0|0|0
99259,HAZARD,335,-1,0,1,0,8,0,1,503,0,8,1,0,0,1,0,0|0|0|1|0|0|0|0|0,0|0|0|0|0|0|0|0|0,0|0|0|0|0|0|0|0|0,0|0|0|1|0|0|0|0|0,0|0|0|0|0|0|0|0|0
99299,HAZARD,336,-1,0,1,0,8,0,1,503,0,8,1,0,0,1,0,0|0|0|1|0|0|0|0|0,0|0|0|0|0|0|0|0|0,0|0|0|0|0|0|0|0|0,0|0|0|1|0|0|0|0|0,0|0|0|0|0|0|0|0|0
100078,HAZARD,338,-1,0,1,0,8,0,1,507,0,4,1,0,0,1,0,0|0|1|0|0|0|0|0|0,0|0|0|0|0|0|0|0|0,0|0|0|0|0|0|0|0|0,0|0|1|0|0|0|0|0|0,0|0|0|0|0|0|0|0|0
100179,HAZARD,339,-1,0,1,0,8,0,1,507,0,4,1,0,0,1,0,0|0|1|0|0|0|0|0|0,0|0|0|0|0|0|0|0|0,0|0|0|0|0|0|0|0|0,0|0|1|0|0|0|0|0|0,0|0|0|0|0|0|0|0|0
101914,HAZARD,343,-1,0,1,0,8,0,1,503,0,8,1,0,0,1,0,0|0|0|1|0|0|0|0|0,0|0|0|0|0|0|0|0|0,0|0|0|0|0|0|0|0|0,0|0|0|1|0|0|0|0|0,0|0|0|0|0|0|0|0|0
101927,HAZARD,344,-1,0,1,0,8,0,1,503,0,8,1,0,0,1,0,0|0|0|1|0|0|0|0|0,0|0|0|0|0|0|0|0|0,0|0|0|0|0|0|0|0|0,0|0|0|1|0|0|0|0|0,0|0|0|0|0|0|0|0|0
102663,HAZARD,346,-1,0,1,0,8,0,1,503,0,8,1,0,0,1,0,0|0|0|1|0|0|0|0|0,0|0|0|0|0|0|0|0|0,0|0|0|0|0|0|0|0|0,0|0|0|1|0|0|0|0|0,0|0|0|0|0|0|0|0|0
102908,HAZARD,347,-1,0,1,0,8,0,1,255,0,256,1,0,0,1,0,0|0|0|0|0|0|0|0|1,0|0|0|0|0|0|0|0|0,0|0|0|0|0|0|0|0|0,0|0|0|0|0|0|0|0|1,0|0|0|0|0|0|0|0|0
103060,HAZARD,348,-1,0,1,0,8,0,1,503,0,8,1,0,0,1,0,0|0|0|1|0|0|0|0|0,0|0|0|0|0|0|0|0|0,0|0|0|0|0|0|0|0|0,0|0|0|1|0|0|0|0|0,0|0|0|0|0|0|0|0|0
103341,HAZARD,349,-1,0,1,0,8,0,1,503,0,8,1,0,0,1,0,0|0|0|1|0|0|0|0|0,0|0|0|0|0|0|0|0|0,0|0|0|0|0|0|0|0|0,0|0|0|1|0|0|0|0|0,0|0|0|0|0|0|0|0|0
103482,HAZARD,350,-1,0,1,0,8,0,1,503,0,8,1,0,0,1,0,0|0|0|1|0|0|0|0|0,0|0|0|0|0|0|0|0|0,0|0|0|0|0|0|0|0|0,0|0|0|1|0|0|0|0|0,0|0|0|0|0|0|0|0|0
103722,HAZARD,351,-1,0,1,0,8,0,1,447,0,64,1,0,0,1,0,0|0|0|0|0|0|1|0|0,0|0|0|0|0|0|0|0|0,0|0|0|0|0|0|0|0|0,0|0|0|0|0|0|1|0|0,0|0|0|0|0|0|0|0|0
103841,HAZARD,352,-1,0,1,0,8,0,1,255,0,256,1,0,0,1,0,0|0|0|0|0|0|0|0|1,0|0|0|0|0|0|0|0|0,0|0|0|0|0|0|0|0|0,0|0|0|0|0|0|0|0|1,0|0|0|0|0|0|0|0|0
103876,HAZARD,353,-1,0,1,0,8,0,1,503,0,8,1,0,0,1,0,0|0|0|1|0|0|0|0|0,0|0|0|0|0|0|0|0|0,0|0|0|0|0|0|0|0|0,0|0|0|1|0|0|0|0|0,0|0|0|0|0|0|0|0|0
103895,HAZARD,354,-1,0,1,0,8,0,1,503,0,8,1,0,0,1,0,0|0|0|1|0|0|0|0|0,0|0|0|0|0|0|0|0|0,0|0|0|0|0|0|0|0|0,0|0|0|1|0|0|0|0|0,0|0|0|0|0|0|0|0|0
104092,HAZARD,355,-1,0,1,0,8,0,1,495,0,16,1,0,0,1,0,0|0|0|0|1|0|0|0|0,0|0|0|0|0|0|0|0|0,0|0|0|0|0|0|0|0|0,0|0|0|0|1|0|0|0|0,0|0|0|0|0|0|0|0|0
104869,HAZARD,357,-1,0,1,0,8,0,1,255,0,256,1,0,0,1,0,0|0|0|0|0|0|0|0|1,0|0|0|0|0|0|0|0|0,0|0|0|0|0|0|0|0|0,0|0|0|0|0|0|0|0|1,0|0|0|0|0|0|0|0|0
106011,HAZARD,360,-1,0,1,0,8,0,1,447,0,64,1,0,0,1,0,0|0|0|0|0|0|1|0|0,0|0|0|0|0|0|0|0|0,0|0|0|0|0|0|0|0|0,0|0|0|0|0|0|1|0|0,0|0|0|0|0|0|0|0|0
106680,HAZARD,362,-1,0,1,0,8,0,1,255,0,256,1,0,0,1,0,0|0|0|0|0|0|0|0|1,0|0|0|0|0|0|0|0|0,0|0|0|0|0|0|0|0|0,0|0|0|0|0|0|0|0|1,0|0|0|0|0|0|0|0|0
107241,HAZARD,364,-1,0,1,0,8,0,1,447,0,64,1,0,0,1,0,0|0|0|0|0|0|1|0|0,0|0|0|0|0|0|0|0|0,0|0|0|0|0|0|0|0|0,0|0|0|0|0|0|1|0|0,0|0|0|0|0|0|0|0|0
107555,HAZARD,365,-1,0,1,0,8,0,1,495,0,16,1,0,0,1,0,0|0|0|0|1|0|0|0|0,0|0|0|0|0|0|0|0|0,0|0|0|0|0|0|0|0|0,0|0|0|0|1|0|0|0|0,0|0|0|0|0|0|0|0|0
108161,HAZARD,367,-1,0,1,0,8,0,1,495,0,16,1,0,0,1,0,0|0|0|0|1|0|0|0|0,0|0|0|0|0|0|0|0|0,0|0|0|0|0|0|0|0|0,0|0|0|0|1|0|0|0|0,0|0|0|0|0|0|0|0|0
108775,HAZARD,369,-1,0,1,0,8,0,1,447,0,64,1,0,0,1,0,0|0|0|0|0|0|1|0|0,0|0|0|0|0|0|0|0|0,0|0|0|0|0|0|0|0|0,0|0|0|0|0|0|1|0|0,0|0|0|0|0|0|0|0|0
108936,HAZARD,370,-1,0,1,0,8,0,1,479,0,32,1,0,0,1,0,0|0|0|0|0|1|0|0|0,0|0|0|0|0|0|0|0|0,0|0|0|0|0|0|0|0|0,0|0|0|0|0|1|0|0|0,0|0|0|0|0|0|0|0|0
109142,HAZARD,371,-1,0,1,0,8,0,1,495,0,16,1,0,0,1,0,0|0|0|0|1|0|0|0|0,0|0|0|0|0|0|0|0|0,0|0|0|0|0|0|0|0|0,0|0|0|0|1|0|0|0|0,0|0|0|0|0|0|0|0|0
109285,HAZARD,372,-1,0,1,0,8,0,1,479,0,32,1,0,0,1,0,0|0|0|0|0|1|0|0|0,0|0|0|0|0|0|0|0|0,0|0|0|0|0|0|0|0|0,0|0|0|0|0|1|0|0|0,0|0|0|0|0|0|0|0|0
109901,HAZARD,374,-1,0,1,0,8,0,1,447,0,64,1,0,0,1,0,0|0|0|0|0|0|1|0|0,0|0|0|0|0|0|0|0|0,0|0|0|0|0|0|0|0|0,0|0|0|0|0|0|1|0|0,0|0|0|0|0|0|0|0|0
111072,HAZARD,377,-1,0,1,0,8,0,1,495,0,16,1,0,0,1,0,0|0|0|0|1|0|0|0|0,0|0|0|0|0|0|0|0|0,0|0|0|0|0|0|0|0|0,0|0|0|0|1|0|0|0|0,0|0|0|0|0|0|0|0|0
111930,HAZARD,379,-1,0,1,0,8,0,1,447,0,64,1,0,0,1,0,0|0|0|0|0|0|1|0|0,0|0|0|0|0|0|0|0|0,0|0|0|0|0|0|0|0|0,0|0|0|0|0|0|1|0|0,0|0|0|0|0|0|0|0|0
112082,HAZARD,380,-1,0,1,0,8,0,1,447,0,64,1,0,0,1,0,0|0|0|0|0|0|1|0|0,0|0|0|0|0|0|0|0|0,0|0|0|0|0|0|0|0|0,0|0|0|0|0|0|1|0|0,0|0|0|0|0|0|0|0|0
112732,HAZARD,382,-1,0,1,0,8,0,1,447,0,64,1,0,0,1,0,0|0|0|0|0|0|1|0|0,0|0|0|0|0|0|0|0|0,0|0|0|0|0|0|0|0|0,0|0|0|0|0|0|1|0|0,0|0|0|0|0|0|0|0|0
112878,HAZARD,383,-1,0,1,0,8,0,1,447,0,64,1,0,0,1,0,0|0|0|0|0|0|1|0|0,0|0|0|0|0|0|0|0|0,0|0|0|0|0|0|0|0|0,0|0|0|0|0|0|1|0|0,0|0|0|0|0|0|0|0|0
113182,HAZARD,384,-1,0,1,0,8,0,1,447,0,64,1,0,0,1,0,0|0|0|0|0|0|1|0|0,0|0|0|0|0|0|0|0|0,0|0|0|0|0|0|0|0|0,0|0|0|0|0|0|1|0|0,0|0|0|0|0|0|0|0|0
113390,HAZARD,385,-1,0,1,0,8,0,1,447,0,64,1,0,0,1,0,0|0|0|0|0|0|1|0|0,0|0|0|0|0|0|0|0|0,0|0|0|0|0|0|0|0|0,0|0|0|0|0|0|1|0|0,0|0|0|0|0|0|0|0|0
116858,HAZARD,392,-1,0,1,0,8,0,1,447,0,64,1,0,0,1,0,0|0|0|0|0|0|1|0|0,0|0|0|0|0|0|0|0|0,0|0|0|0|0|0|0|0|0,0|0|0|0|0|0|1|0|0,0|0|0|0|0|0|0|0|0
117884,HAZARD,395,-1,0,1,0,8,0,1,255,0,256,1,0,0,1,0,0|0|0|0|0|0|0|0|1,0|0|0|0|0|0|0|0|0,0|0|0|0|0|0|0|0|0,0|0|0|0|0|0|0|0|1,0|0|0|0|0|0|0|0|0
118025,HAZARD,396,-1,0,1,0,8,0,1,255,0,256,1,0,0,1,0,0|0|0|0|0|0|0|0|1,0|0|0|0|0|0|0|0|0,0|0|0|0|0|0|0|0|0,0|0|0|0|0|0|0|0|1,0|0|0|0|0|0|0|0|0
118153,HAZARD,397,-1,0,1,0,8,0,1,447,0,64,1,0,0,1,0,0|0|0|0|0|0|1|0|0,0|0|0|0|0|0|0|0|0,0|0|0|0|0|0|0|0|0,0|0|0|0|0|0|1|0|0,0|0|0|0|0|0|0|0|0
118713,HAZARD,399,-1,0,1,0,8,0,1,255,0,256,1,0,0,1,0,0|0|0|0|0|0|0|0|1,0|0|0|0|0|0|0|0|0,0|0|0|0|0|0|0|0|0,0|0|0|0|0|0|0|0|1,0|0|0|0|0|0|0|0|0
118717,HAZARD,399,-1,0,1,0,9,0,0,511,0,0,0,0,0,0,1,0|0|0|0|0|0|0|0|0,0|0|0|0|0|0|0|0|0,0|0|0|0|0|0|0|0|0,0|0|0|0|0|0|0|0|0,0|0|0|0|0|0|0|0|1
