candidate_id,status,visit_count,first_episode,last_episode,visits_remaining_for_promotion,unique_actions_executed,unknown_mask,safe_mask,blocked_mask,total_action_attempts,total_safe_outcomes,total_collision_outcomes,total_out_of_road_outcomes,total_warnings,action_attempt_counts,safe_outcome_counts,collision_outcome_counts,out_of_road_outcome_counts,warning_counts
4,CANDIDATE,3,6,6,1,1,511,0,0,3,0,0,0,0,0|3|0|0|0|0|0|0|0,0|0|0|0|0|0|0|0|0,0|0|0|0|0|0|0|0|0,0|0|0|0|0|0|0|0|0,0|0|0|0|0|0|0|0|0
11,CANDIDATE,3,6,6,1,1,511,0,0,3,0,0,0,0,0|3|0|0|0|0|0|0|0,0|0|0|0|0|0|0|0|0,0|0|0|0|0|0|0|0|0,0|0|0|0|0|0|0|0|0,0|0|0|0|0|0|0|0|0
16,CANDIDATE,3,6,6,1,1,511,0,0,3,0,0,0,0,0|3|0|0|0|0|0|0|0,0|0|0|0|0|0|0|0|0,0|0|0|0|0|0|0|0|0,0|0|0|0|0|0|0|0|0,0|0|0|0|0|0|0|0|0
21,CANDIDATE,3,6,6,1,1,511,0,0,3,0,0,0,0,0|3|0|0|0|0|0|0|0,0|0|0|0|0|0|0|0|0,0|0|0|0|0|0|0|0|0,0|0|0|0|0|0|0|0|0,0|0|0|0|0|0|0|0|0
26,CANDIDATE,3,6,6,1,1,511,0,0,3,0,0,0,0,0|3|0|0|0|0|0|0|0,0|0|0|0|0|0|0|0|0,0|0|0|0|0|0|0|0|0,0|0|0|0|0|0|0|0|0,0|0|0|0|0|0|0|0|0
50,CANDIDATE,3,6,6,1,2,511,0,0,3,1,0,0,0,0|2|0|0|0|0|1|0|0,0|0|0|0|0|0|1|0|0,0|0|0|0|0|0|0|0|0,0|0|0|0|0|0|0|0|0,0|0|0|0|0|0|0|0|0
292,CANDIDATE,3,13,13,1,1,511,0,0,3,0,0,0,0,0|3|0|0|0|0|0|0|0,0|0|0|0|0|0|0|0|0,0|0|0|0|0|0|0|0|0,0|0|0|0|0|0|0|0|0,0|0|0|0|0|0|0|0|0
542,CANDIDATE,3,22,22,1,1,511,0,0,3,0,0,0,0,0|3|0|0|0|0|0|0|0,0|0|0|0|0|0|0|0|0,0|0|0|0|0|0|0|0|0,0|0|0|0|0|0|0|0|0,0|0|0|0|0|0|0|0|0
3169,CANDIDATE,3,82,82,1,2,511,0,0,3,0,0,0,0,0|1|0|2|0|0|0|0|0,0|0|0|0|0|0|0|0|0,0|0|0|0|0|0|0|0|0,0|0|0|0|0|0|0|0|0,0|0|0|0|0|0|0|0|0
4179,CANDIDATE,3,86,86,1,2,511,0,0,3,0,0,0,0,0|1|0|2|0|0|0|0|0,0|0|0|0|0|0|0|0|0,0|0|0|0|0|0|0|0|0,0|0|0|0|0|0|0|0|0,0|0|0|0|0|0|0|0|0
4230,CANDIDATE,3,86,86,1,2,511,0,0,3,0,0,0,0,0|1|0|2|0|0|0|0|0,0|0|0|0|0|0|0|0|0,0|0|0|0|0|0|0|0|0,0|0|0|0|0|0|0|0|0,0|0|0|0|0|0|0|0|0
5339,CANDIDATE,3,90,90,1,1,511,0,0,3,0,0,0,0,0|3|0|0|0|0|0|0|0,0|0|0|0|0|0|0|0|0,0|0|0|0|0|0|0|0|0,0|0|0|0|0|0|0|0|0,0|0|0|0|0|0|0|0|0
5343,CANDIDATE,3,90,90,1,1,511,0,0,3,0,0,0,0,0|3|0|0|0|0|0|0|0,0|0|0|0|0|0|0|0|0,0|0|0|0|0|0|0|0|0,0|0|0|0|0|0|0|0|0,0|0|0|0|0|0|0|0|0
5576,CANDIDATE,3,90,90,1,2,511,0,0,3,0,0,0,0,0|1|0|2|0|0|0|0|0,0|0|0|0|0|0|0|0|0,0|0|0|0|0|0|0|0|0,0|0|0|0|0|0|0|0|0,0|0|0|0|0|0|0|0|0
5710,CANDIDATE,3,90,90,1,2,511,0,0,3,0,0,0,0,0|1|0|2|0|0|0|0|0,0|0|0|0|0|0|0|0|0,0|0|0|0|0|0|0|0|0,0|0|0|0|0|0|0|0|0,0|0|0|0|0|0|0|0|0
6426,CANDIDATE,3,92,92,1,2,511,0,0,3,0,0,0,0,0|0|1|2|0|0|0|0|0,0|0|0|0|0|0|0|0|0,0|0|0|0|0|0|0|0|0,0|0|0|0|0|0|0|0|0,0|0|0|0|0|0|0|0|0
6479,CANDIDATE,3,92,92,1,2,511,0,0,3,0,0,0,0,0|0|1|2|0|0|0|0|0,0|0|0|0|0|0|0|0|0,0|0|0|0|0|0|0|0|0,0|0|0|0|0|0|0|0|0,0|0|0|0|0|0|0|0|0
6792,CANDIDATE,3,93,93,1,2,511,0,0,3,0,0,0,0,0|1|0|2|0|0|0|0|0,0|0|0|0|0|0|0|0|0,0|0|0|0|0|0|0|0|0,0|0|0|0|0|0|0|0|0,0|0|0|0|0|0|0|0|0
6900,CANDIDATE,3,93,93,1,2,511,0,0,3,0,0,0,0,0|1|0|2|0|0|0|0|0,0|0|0|0|0|0|0|0|0,0|0|0|0|0|0|0|0|0,0|0|0|0|0|0|0|0|0,0|0|0|0|0|0|0|0|0
6992,CANDIDATE,3,93,93,1,2,511,0,0,3,0,0,0,0,0|1|0|2|0|0|0|0|0,0|0|0|0|0|0|0|0|0,0|0|0|0|0|0|0|0|0,0|0|0|0|0|0|0|0|0,0|0|0|0|0|0|0|0|0
7060,CANDIDATE,3,93,93,1,2,511,0,0,3,0,0,0,0,0|1|0|2|0|0|0|0|0,0|0|0|0|0|0|0|0|0,0|0|0|0|0|0|0|0|0,0|0|0|0|0|0|0|0|0,0|0|0|0|0|0|0|0|0
8296,CANDIDATE,3,96,96,1,1,511,0,0,3,0,0,0,0,0|0|0|3|0|0|0|0|0,0|0|0|0|0|0|0|0|0,0|0|0|0|0|0|0|0|0,0|0|0|0|0|0|0|0|0,0|0|0|0|0|0|0|0|0
8712,CANDIDATE,3,97,97,1,2,511,0,0,3,0,0,0,0,0|1|0|2|0|0|0|0|0,0|0|0|0|0|0|0|0|0,0|0|0|0|0|0|0|0|0,0|0|0|0|0|0|0|0|0,0|0|0|0|0|0|0|0|0
8741,CANDIDATE,3,97,97,1,1,511,0,0,3,0,0,0,0,0|0|0|3|0|0|0|0|0,0|0|0|0|0|0|0|0|0,0|0|0|0|0|0|0|0|0,0|0|0|0|0|0|0|0|0,0|0|0|0|0|0|0|0|0
8744,CANDIDATE,3,97,97,1,2,511,0,0,3,0,0,0,0,0|0|1|2|0|0|0|0|0,0|0|0|0|0|0|0|0|0,0|0|0|0|0|0|0|0|0,0|0|0|0|0|0|0|0|0,0|0|0|0|0|0|0|0|0
8756,CANDIDATE,3,97,97,1,2,511,0,0,3,0,0,0,0,0|1|0|2|0|0|0|0|0,0|0|0|0|0|0|0|0|0,0|0|0|0|0|0|0|0|0,0|0|0|0|0|0|0|0|0,0|0|0|0|0|0|0|0|0
10411,CANDIDATE,3,101,101,1,1,511,0,0,3,0,0,0,0,0|0|0|0|3|0|0|0|0,0|0|0|0|0|0|0|0|0,0|0|0|0|0|0|0|0|0,0|0|0|0|0|0|0|0|0,0|0|0|0|0|0|0|0|0
10418,CANDIDATE,3,101,101,1,1,511,0,0,3,0,0,0,0,0|0|0|0|3|0|0|0|0,0|0|0|0|0|0|0|0|0,0|0|0|0|0|0|0|0|0,0|0|0|0|0|0|0|0|0,0|0|0|0|0|0|0|0|0
11231,CANDIDATE,3,103,103,1,1,511,0,0,3,0,0,0,0,0|0|0|3|0|0|0|0|0,0|0|0|0|0|0|0|0|0,0|0|0|0|0|0|0|0|0,0|0|0|0|0|0|0|0|0,0|0|0|0|0|0|0|0|0
11235,CANDIDATE,3,103,103,1,1,511,0,0,3,0,0,0,0,0|0|3|0|0|0|0|0|0,0|0|0|0|0|0|0|0|0,0|0|0|0|0|0|0|0|0,0|0|0|0|0|0|0|0|0,0|0|0|0|0|0|0|0|0
11358,CANDIDATE,3,103,103,1,1,511,0,0,3,0,0,0,0,0|0|0|3|0|0|0|0|0,0|0|0|0|0|0|0|0|0,0|0|0|0|0|0|0|0|0,0|0|0|0|0|0|0|0|0,0|0|0|0|0|0|0|0|0
11821,CANDIDATE,3,104,104,1,1,511,0,0,3,0,0,0,0,0|0|0|0|3|0|0|0|0,0|0|0|0|0|0|0|0|0,0|0|0|0|0|0|0|0|0,0|0|0|0|0|0|0|0|0,0|0|0|0|0|0|0|0|0
11857,CANDIDATE,3,104,104,1,1,511,0,0,3,0,0,0,0,0|0|0|0|3|0|0|0|0,0|0|0|0|0|0|0|0|0,0|0|0|0|0|0|0|0|0,0|0|0|0|0|0|0|0|0,0|0|0|0|0|0|0|0|0
11863,CANDIDATE,3,104,104,1,2,511,0,0,3,0,0,0,0,0|0|1|0|2|0|0|0|0,0|0|0|0|0|0|0|0|0,0|0|0|0|0|0|0|0|0,0|0|0|0|0|0|0|0|0,0|0|0|0|0|0|0|0|0
12024,CANDIDATE,3,105,105,1,1,511,0,0,3,0,0,0,0,0|0|3|0|0|0|0|0|0,0|0|0|0|0|0|0|0|0,0|0|0|0|0|0|0|0|0,0|0|0|0|0|0|0|0|0,0|0|0|0|0|0|0|0|0
12025,CANDIDATE,3,105,105,1,2,511,0,0,3,0,0,0,0,0|1|0|2|0|0|0|0|0,0|0|0|0|0|0|0|0|0,0|0|0|0|0|0|0|0|0,0|0|0|0|0|0|0|0|0,0|0|0|0|0|0|0|0|0
12026,CANDIDATE,3,105,105,1,1,511,0,0,3,0,0,0,0,0|0|3|0|0|0|0|0|0,0|0|0|0|0|0|0|0|0,0|0|0|0|0|0|0|0|0,0|0|0|0|0|0|0|0|0,0|0|0|0|0|0|0|0|0
12027,CANDIDATE,3,105,105,1,2,511,0,0,3,0,0,0,0,0|1|0|2|0|0|0|0|0,0|0|0|0|0|0|0|0|0,0|0|0|0|0|0|0|0|0,0|0|0|0|0|0|0|0|0,0|0|0|0|0|0|0|0|0
14213,CANDIDATE,3,111,111,1,2,511,0,0,3,0,0,0,0,0|0|1|2|0|0|0|0|0,0|0|0|0|0|0|0|0|0,0|0|0|0|0|0|0|0|0,0|0|0|0|0|0|0|0|0,0|0|0|0|0|0|0|0|0
15224,CANDIDATE,3,114,114,1,2,511,0,0,3,0,0,0,0,0|1|0|2|0|0|0|0|0,0|0|0|0|0|0|0|0|0,0|0|0|0|0|0|0|0|0,0|0|0|0|0|0|0|0|0,0|0|0|0|0|0|0|0|0
15891,CANDIDATE,3,116,116,1,2,511,0,0,3,0,0,0,0,0|1|0|2|0|0|0|0|0,0|0|0|0|0|0|0|0|0,0|0|0|0|0|0|0|0|0,0|0|0|0|0|0|0|0|0,0|0|0|0|0|0|0|0|0
16590,CANDIDATE,3,118,118,1,1,511,0,0,3,0,0,0,0,0|3|0|0|0|0|0|0|0,0|0|0|0|0|0|0|0|0,0|0|0|0|0|0|0|0|0,0|0|0|0|0|0|0|0|0,0|0|0|0|0|0|0|0|0
16607,CANDIDATE,3,118,118,1,1,511,0,0,3,0,0,0,0,0|3|0|0|0|0|0|0|0,0|0|0|0|0|0|0|0|0,0|0|0|0|0|0|0|0|0,0|0|0|0|0|0|0|0|0,0|0|0|0|0|0|0|0|0
16614,CANDIDATE,3,118,118,1,1,511,0,0,3,0,0,0,0,0|3|0|0|0|0|0|0|0,0|0|0|0|0|0|0|0|0,0|0|0|0|0|0|0|0|0,0|0|0|0|0|0|0|0|0,0|0|0|0|0|0|0|0|0
16715,CANDIDATE,3,118,118,1,2,511,0,0,3,0,0,0,0,0|0|1|2|0|0|0|0|0,0|0|0|0|0|0|0|0|0,0|0|0|0|0|0|0|0|0,0|0|0|0|0|0|0|0|0,0|0|0|0|0|0|0|0|0
17005,CANDIDATE,3,119,119,1,1,511,0,0,3,0,0,0,0,0|0|0|3|0|0|0|0|0,0|0|0|0|0|0|0|0|0,0|0|0|0|0|0|0|0|0,0|0|0|0|0|0|0|0|0,0|0|0|0|0|0|0|0|0
17039,CANDIDATE,3,119,119,1,2,511,0,0,3,0,0,0,0,0|0|0|1|2|0|0|0|0,0|0|0|0|0|0|0|0|0,0|0|0|0|0|0|0|0|0,0|0|0|0|0|0|0|0|0,0|0|0|0|0|0|0|0|0
17085,CANDIDATE,3,119,119,1,1,511,0,0,3,0,0,0,0,0|0|3|0|0|0|0|0|0,0|0|0|0|0|0|0|0|0,0|0|0|0|0|0|0|0|0,0|0|0|0|0|0|0|0|0,0|0|0|0|0|0|0|0|0
17114,CANDIDATE,3,119,119,1,2,511,0,0,3,0,0,0,0,0|0|1|2|0|0|0|0|0,0|0|0|0|0|0|0|0|0,0|0|0|0|0|0|0|0|0,0|0|0|0|0|0|0|0|0,0|0|0|0|0|0|0|0|0
17119,CANDIDATE,3,119,119,1,1,511,0,0,3,0,0,0,0,0|0|0|3|0|0|0|0|0,0|0|0|0|0|0|0|0|0,0|0|0|0|0|0|0|0|0,0|0|0|0|0|0|0|0|0,0|0|0|0|0|0|0|0|0
17121,CANDIDATE,3,119,119,1,1,511,0,0,3,0,0,0,0,0|0|3|0|0|0|0|0|0,0|0|0|0|0|0|0|0|0,0|0|0|0|0|0|0|0|0,0|0|0|0|0|0|0|0|0,0|0|0|0|0|0|0|0|0
17122,CANDIDATE,3,119,119,1,1,511,0,0,3,0,0,0,0,0|0|0|3|0|0|0|0|0,0|0|0|0|0|0|0|0|0,0|0|0|0|0|0|0|0|0,0|0|0|0|0|0|0|0|0,0|0|0|0|0|0|0|0|0
17234,CANDIDATE,3,119,119,1,1,511,0,0,3,0,0,0,0,0|0|3|0|0|0|0|0|0,0|0|0|0|0|0|0|0|0,0|0|0|0|0|0|0|0|0,0|0|0|0|0|0|0|0|0,0|0|0|0|0|0|0|0|0
17294,CANDIDATE,3,119,119,1,1,511,0,0,3,0,0,0,0,0|0|0|3|0|0|0|0|0,0|0|0|0|0|0|0|0|0,0|0|0|0|0|0|0|0|0,0|0|0|0|0|0|0|0|0,0|0|0|0|0|0|0|0|0
17300,CANDIDATE,3,119,119,1,1,511,0,0,3,0,0,0,0,0|0|0|3|0|0|0|0|0,0|0|0|0|0|0|0|0|0,0|0|0|0|0|0|0|0|0,0|0|0|0|0|0|0|0|0,0|0|0|0|0|0|0|0|0
17344,CANDIDATE,3,119,119,1,1,511,0,0,3,0,0,0,0,0|0|0|3|0|0|0|0|0,0|0|0|0|0|0|0|0|0,0|0|0|0|0|0|0|0|0,0|0|0|0|0|0|0|0|0,0|0|0|0|0|0|0|0|0
17346,CANDIDATE,3,119,119,1,1,511,0,0,3,0,0,0,0,0|0|0|3|0|0|0|0|0,0|0|0|0|0|0|0|0|0,0|0|0|0|0|0|0|0|0,0|0|0|0|0|0|0|0|0,0|0|0|0|0|0|0|0|0
19568,CANDIDATE,3,127,127,1,1,511,0,0,3,0,0,0,0,0|0|0|0|3|0|0|0|0,0|0|0|0|0|0|0|0|0,0|0|0|0|0|0|0|0|0,0|0|0|0|0|0|0|0|0,0|0|0|0|0|0|0|0|0
20506,CANDIDATE,3,130,130,1,1,511,0,0,3,0,0,0,0,0|0|3|0|0|0|0|0|0,0|0|0|0|0|0|0|0|0,0|0|0|0|0|0|0|0|0,0|0|0|0|0|0|0|0|0,0|0|0|0|0|0|0|0|0
20570,CANDIDATE,3,130,130,1,1,511,0,0,3,0,0,0,0,0|0|3|0|0|0|0|0|0,0|0|0|0|0|0|0|0|0,0|0|0|0|0|0|0|0|0,0|0|0|0|0|0|0|0|0,0|0|0|0|0|0|0|0|0
20604,CANDIDATE,3,130,130,1,2,511,0,0,3,0,0,0,0,0|0|0|1|2|0|0|0|0,0|0|0|0|0|0|0|0|0,0|0|0|0|0|0|0|0|0,0|0|0|0|0|0|0|0|0,0|0|0|0|0|0|0|0|0
20790,CANDIDATE,3,130,130,1,2,511,0,0,3,0,0,0,0,0|0|1|2|0|0|0|0|0,0|0|0|0|0|0|0|0|0,0|0|0|0|0|0|0|0|0,0|0|0|0|0|0|0|0|0,0|0|0|0|0|0|0|0|0
20792,CANDIDATE,3,130,130,1,3,511,0,0,3,0,0,0,0,0|0|1|1|0|0|0|1|0,0|0|0|0|0|0|0|0|0,0|0|0|0|0|0|0|0|0,0|0|0|0|0|0|0|0|0,0|0|0|0|0|0|0|0|0
20846,CANDIDATE,3,130,130,1,1,511,0,0,3,0,0,0,0,0|0|0|3|0|0|0|0|0,0|0|0|0|0|0|0|0|0,0|0|0|0|0|0|0|0|0,0|0|0|0|0|0|0|0|0,0|0|0|0|0|0|0|0|0
22011,CANDIDATE,3,133,133,1,2,511,0,0,3,0,0,0,0,0|0|1|2|0|0|0|0|0,0|0|0|0|0|0|0|0|0,0|0|0|0|0|0|0|0|0,0|0|0|0|0|0|0|0|0,0|0|0|0|0|0|0|0|0
23984,CANDIDATE,3,140,140,1,2,511,0,0,3,0,0,0,0,0|0|0|2|0|0|0|1|0,0|0|0|0|0|0|0|0|0,0|0|0|0|0|0|0|0|0,0|0|0|0|0|0|0|0|0,0|0|0|0|0|0|0|0|0
24251,CANDIDATE,3,140,140,1,2,511,0,0,3,0,0,0,0,0|0|1|2|0|0|0|0|0,0|0|0|0|0|0|0|0|0,0|0|0|0|0|0|0|0|0,0|0|0|0|0|0|0|0|0,0|0|0|0|0|0|0|0|0
24833,CANDIDATE,3,142,142,1,2,511,0,0,3,0,0,0,0,0|0|2|1|0|0|0|0|0,0|0|0|0|0|0|0|0|0,0|0|0|0|0|0|0|0|0,0|0|0|0|0|0|0|0|0,0|0|0|0|0|0|0|0|0
24834,CANDIDATE,3,142,142,1,1,511,0,0,3,0,0,0,0,0|0|0|3|0|0|0|0|0,0|0|0|0|0|0|0|0|0,0|0|0|0|0|0|0|0|0,0|0|0|0|0|0|0|0|0,0|0|0|0|0|0|0|0|0
24870,CANDIDATE,3,142,142,1,2,511,0,0,3,0,0,0,0,0|0|1|2|0|0|0|0|0,0|0|0|0|0|0|0|0|0,0|0|0|0|0|0|0|0|0,0|0|0|0|0|0|0|0|0,0|0|0|0|0|0|0|0|0
25838,CANDIDATE,3,144,144,1,1,511,0,0,3,0,0,0,0,0|0|3|0|0|0|0|0|0,0|0|0|0|0|0|0|0|0,0|0|0|0|0|0|0|0|0,0|0|0|0|0|0|0|0|0,0|0|0|0|0|0|0|0|0
25839,CANDIDATE,3,144,144,1,2,511,0,0,3,0,0,0,0,0|0|1|2|0|0|0|0|0,0|0|0|0|0|0|0|0|0,0|0|0|0|0|0|0|0|0,0|0|0|0|0|0|0|0|0,0|0|0|0|0|0|0|0|0
26143,CANDIDATE,3,144,144,1,1,511,0,0,3,0,0,0,0,0|0|0|0|3|0|0|0|0,0|0|0|0|0|0|0|0|0,0|0|0|0|0|0|0|0|0,0|0|0|0|0|0|0|0|0,0|0|0|0|0|0|0|0|0
27181,CANDIDATE,3,149,149,1,1,511,0,0,3,0,0,0,0,0|0|0|3|0|0|0|0|0,0|0|0|0|0|0|0|0|0,0|0|0|0|0|0|0|0|0,0|0|0|0|0|0|0|0|0,0|0|0|0|0|0|0|0|0
27183,CANDIDATE,3,149,149,1,2,511,0,0,3,0,0,0,0,0|0|1|2|0|0|0|0|0,0|0|0|0|0|0|0|0|0,0|0|0|0|0|0|0|0|0,0|0|0|0|0|0|0|0|0,0|0|0|0|0|0|0|0|0
43108,CANDIDATE,2,257,272,2,2,255,0,256,2,0,0,1,1,0|0|0|0|0|0|1|0|1,0|0|0|0|0|0|0|0|0,0|0|0|0|0|0|0|0|0,0|0|0|0|0|0|0|0|1,0|0|0|0|0|0|1|0|0
46886,CANDIDATE,1,353,353,3,1,447,0,64,1,0,0,1,0,0|0|0|0|0|0|1|0|0,0|0|0|0|0|0|0|0|0,0|0|0|0|0|0|0|0|0,0|0|0|0|0|0|1|0|0,0|0|0|0|0|0|0|0|0
46906,CANDIDATE,1,354,354,3,1,447,0,64,1,0,0,1,0,0|0|0|0|0|0|1|0|0,0|0|0|0|0|0|0|0|0,0|0|0|0|0|0|0|0|0,0|0|0|0|0|0|1|0|0,0|0|0|0|0|0|0|0|0
46938,CANDIDATE,1,355,355,3,1,447,0,64,1,0,0,1,0,0|0|0|0|0|0|1|0|0,0|0|0|0|0|0|0|0|0,0|0|0|0|0|0|0|0|0,0|0|0|0|0|0|1|0|0,0|0|0|0|0|0|0|0|0
46961,CANDIDATE,1,356,356,3,1,255,0,256,1,0,0,1,0,0|0|0|0|0|0|0|0|1,0|0|0|0|0|0|0|0|0,0|0|0|0|0|0|0|0|0,0|0|0|0|0|0|0|0|1,0|0|0|0|0|0|0|0|0
46993,CANDIDATE,1,357,357,3,1,255,0,256,1,0,0,1,0,0|0|0|0|0|0|0|0|1,0|0|0|0|0|0|0|0|0,0|0|0|0|0|0|0|0|0,0|0|0|0|0|0|0|0|1,0|0|0|0|0|0|0|0|0
47431,CANDIDATE,1,358,358,3,1,447,0,64,1,0,0,1,0,0|0|0|0|0|0|1|0|0,0|0|0|0|0|0|0|0|0,0|0|0|0|0|0|0|0|0,0|0|0|0|0|0|1|0|0,0|0|0|0|0|0|0|0|0
47463,CANDIDATE,1,359,359,3,1,255,0,256,1,0,0,1,0,0|0|0|0|0|0|0|0|1,0|0|0|0|0|0|0|0|0,0|0|0|0|0|0|0|0|0,0|0|0|0|0|0|0|0|1,0|0|0|0|0|0|0|0|0
47487,CANDIDATE,1,360,360,3,1,447,0,64,1,0,0,1,0,0|0|0|0|0|0|1|0|0,0|0|0|0|0|0|0|0|0,0|0|0|0|0|0|0|0|0,0|0|0|0|0|0|1|0|0,0|0|0|0|0|0|0|0|0
47512,CANDIDATE,1,361,361,3,1,447,0,64,1,0,0,1,0,0|0|0|0|0|0|1|0|0,0|0|0|0|0|0|0|0|0,0|0|0|0|0|0|0|0|0,0|0|0|0|0|0|1|0|0,0|0|0|0|0|0|0|0|0
47546,CANDIDATE,1,362,362,3,1,447,0,64,1,0,0,1,0,0|0|0|0|0|0|1|0|0,0|0|0|0|0|0|0|0|0,0|0|0|0|0|0|0|0|0,0|0|0|0|0|0|1|0|0,0|0|0|0|0|0|0|0|0
47559,CANDIDATE,1,363,363,3,1,255,0,256,1,0,0,1,0,0|0|0|0|0|0|0|0|1,0|0|0|0|0|0|0|0|0,0|0|0|0|0|0|0|0|0,0|0|0|0|0|0|0|0|1,0|0|0|0|0|0|0|0|0
47593,CANDIDATE,1,364,364,3,1,447,0,64,1,0,0,1,0,0|0|0|0|0|0|1|0|0,0|0|0|0|0|0|0|0|0,0|0|0|0|0|0|0|0|0,0|0|0|0|0|0|1|0|0,0|0|0|0|0|0|0|0|0
47723,CANDIDATE,1,365,365,3,1,447,0,64,1,0,0,1,0,0|0|0|0|0|0|1|0|0,0|0|0|0|0|0|0|0|0,0|0|0|0|0|0|0|0|0,0|0|0|0|0|0|1|0|0,0|0|0|0|0|0|0|0|0
47760,CANDIDATE,1,366,366,3,1,447,0,64,1,0,0,1,0,0|0|0|0|0|0|1|0|0,0|0|0|0|0|0|0|0|0,0|0|0|0|0|0|0|0|0,0|0|0|0|0|0|1|0|0,0|0|0|0|0|0|0|0|0
47773,CANDIDATE,1,367,367,3,1,255,0,256,1,0,0,1,0,0|0|0|0|0|0|0|0|1,0|0|0|0|0|0|0|0|0,0|0|0|0|0|0|0|0|0,0|0|0|0|0|0|0|0|1,0|0|0|0|0|0|0|0|0
47806,CANDIDATE,1,368,368,3,1,447,0,64,1,0,0,1,0,0|0|0|0|0|0|1|0|0,0|0|0|0|0|0|0|0|0,0|0|0|0|0|0|0|0|0,0|0|0|0|0|0|1|0|0,0|0|0|0|0|0|0|0|0
47836,CANDIDATE,1,369,369,3,1,447,0,64,1,0,0,1,0,0|0|0|0|0|0|1|0|0,0|0|0|0|0|0|0|0|0,0|0|0|0|0|0|0|0|0,0|0|0|0|0|0|1|0|0,0|0|0|0|0|0|0|0|0
47849,CANDIDATE,1,370,370,3,1,255,0,256,1,0,0,1,0,0|0|0|0|0|0|0|0|1,0|0|0|0|0|0|0|0|0,0|0|0|0|0|0|0|0|0,0|0|0|0|0|0|0|0|1,0|0|0|0|0|0|0|0|0
47862,CANDIDATE,1,371,371,3,1,447,0,64,1,0,0,1,0,0|0|0|0|0|0|1|0|0,0|0|0|0|0|0|0|0|0,0|0|0|0|0|0|0|0|0,0|0|0|0|0|0|1|0|0,0|0|0|0|0|0|0|0|0
47887,CANDIDATE,1,372,372,3,1,447,0,64,1,0,0,1,0,0|0|0|0|0|0|1|0|0,0|0|0|0|0|0|0|0|0,0|0|0|0|0|0|0|0|0,0|0|0|0|0|0|1|0|0,0|0|0|0|0|0|0|0|0
47911,CANDIDATE,1,373,373,3,1,447,0,64,1,0,0,1,0,0|0|0|0|0|0|1|0|0,0|0|0|0|0|0|0|0|0,0|0|0|0|0|0|0|0|0,0|0|0|0|0|0|1|0|0,0|0|0|0|0|0|0|0|0
47943,CANDIDATE,1,374,374,3,1,447,0,64,1,0,0,1,0,0|0|0|0|0|0|1|0|0,0|0|0|0|0|0|0|0|0,0|0|0|0|0|0|0|0|0,0|0|0|0|0|0|1|0|0,0|0|0|0|0|0|0|0|0
47968,CANDIDATE,1,375,375,3,1,447,0,64,1,0,0,1,0,0|0|0|0|0|0|1|0|0,0|0|0|0|0|0|0|0|0,0|0|0|0|0|0|0|0|0,0|0|0|0|0|0|1|0|0,0|0|0|0|0|0|0|0|0
47981,CANDIDATE,1,376,376,3,1,255,0,256,1,0,0,1,0,0|0|0|0|0|0|0|0|1,0|0|0|0|0|0|0|0|0,0|0|0|0|0|0|0|0|0,0|0|0|0|0|0|0|0|1,0|0|0|0|0|0|0|0|0
48006,CANDIDATE,1,377,377,3,1,447,0,64,1,0,0,1,0,0|0|0|0|0|0|1|0|0,0|0|0|0|0|0|0|0|0,0|0|0|0|0|0|0|0|0,0|0|0|0|0|0|1|0|0,0|0|0|0|0|0|0|0|0
48137,CANDIDATE,1,379,379,3,1,447,0,64,1,0,0,1,0,0|0|0|0|0|0|1|0|0,0|0|0|0|0|0|0|0|0,0|0|0|0|0|0|0|0|0,0|0|0|0|0|0|1|0|0,0|0|0|0|0|0|0|0|0
48150,CANDIDATE,1,380,380,3,1,255,0,256,1,0,0,1,0,0|0|0|0|0|0|0|0|1,0|0|0|0|0|0|0|0|0,0|0|0|0|0|0|0|0|0,0|0|0|0|0|0|0|0|1,0|0|0|0|0|0|0|0|0
48186,CANDIDATE,1,381,381,3,1,447,0,64,1,0,0,1,0,0|0|0|0|0|0|1|0|0,0|0|0|0|0|0|0|0|0,0|0|0|0|0|0|0|0|0,0|0|0|0|0|0|1|0|0,0|0|0|0|0|0|0|0|0
48218,CANDIDATE,1,382,382,3,1,255,0,256,1,0,0,1,0,0|0|0|0|0|0|0|0|1,0|0|0|0|0|0|0|0|0,0|0|0|0|0|0|0|0|0,0|0|0|0|0|0|0|0|1,0|0|0|0|0|0|0|0|0
48231,CANDIDATE,1,383,383,3,1,447,0,64,1,0,0,1,0,0|0|0|0|0|0|1|0|0,0|0|0|0|0|0|0|0|0,0|0|0|0|0|0|0|0|0,0|0|0|0|0|0|1|0|0,0|0|0|0|0|0|0|0|0
48255,CANDIDATE,1,384,384,3,1,447,0,64,1,0,0,1,0,0|0|0|0|0|0|1|0|0,0|0|0|0|0|0|0|0|0,0|0|0|0|0|0|0|0|0,0|0|0|0|0|0|1|0|0,0|0|0|0|0|0|0|0|0
48287,CANDIDATE,1,385,385,3,1,255,0,256,1,0,0,1,0,0|0|0|0|0|0|0|0|1,0|0|0|0|0|0|0|0|0,0|0|0|0|0|0|0|0|0,0|0|0|0|0|0|0|0|1,0|0|0|0|0|0|0|0|0
48300,CANDIDATE,1,386,386,3,1,255,0,256,1,0,0,1,0,0|0|0|0|0|0|0|0|1,0|0|0|0|0|0|0|0|0,0|0|0|0|0|0|0|0|0,0|0|0|0|0|0|0|0|1,0|0|0|0|0|0|0|0|0
48333,CANDIDATE,1,387,387,3,1,447,0,64,1,0,0,1,0,0|0|0|0|0|0|1|0|0,0|0|0|0|0|0|0|0|0,0|0|0|0|0|0|0|0|0,0|0|0|0|0|0|1|0|0,0|0|0|0|0|0|0|0|0
48365,CANDIDATE,1,388,388,3,1,255,0,256,1,0,0,1,0,0|0|0|0|0|0|0|0|1,0|0|0|0|0|0|0|0|0,0|0|0|0|0|0|0|0|0,0|0|0|0|0|0|0|0|1,0|0|0|0|0|0|0|0|0
48445,CANDIDATE,1,389,389,3,1,447,0,64,1,0,0,1,0,0|0|0|0|0|0|1|0|0,0|0|0|0|0|0|0|0|0,0|0|0|0|0|0|0|0|0,0|0|0|0|0|0|1|0|0,0|0|0|0|0|0|0|0|0
48599,CANDIDATE,1,390,390,3,1,447,0,64,1,0,0,1,0,0|0|0|0|0|0|1|0|0,0|0|0|0|0|0|0|0|0,0|0|0|0|0|0|0|0|0,0|0|0|0|0|0|1|0|0,0|0|0|0|0|0|0|0|0
48623,CANDIDATE,1,391,391,3,1,447,0,64,1,0,0,1,0,0|0|0|0|0|0|1|0|0,0|0|0|0|0|0|0|0|0,0|0|0|0|0|0|0|0|0,0|0|0|0|0|0|1|0|0,0|0|0|0|0|0|0|0|0
48647,CANDIDATE,1,392,392,3,1,447,0,64,1,0,0,1,0,0|0|0|0|0|0|1|0|0,0|0|0|0|0|0|0|0|0,0|0|0|0|0|0|0|0|0,0|0|0|0|0|0|1|0|0,0|0|0|0|0|0|0|0|0
48660,CANDIDATE,1,393,393,3,1,255,0,256,1,0,0,1,0,0|0|0|0|0|0|0|0|1,0|0|0|0|0|0|0|0|0,0|0|0|0|0|0|0|0|0,0|0|0|0|0|0|0|0|1,0|0|0|0|0|0|0|0|0
48797,CANDIDATE,1,394,394,3,1,503,0,8,1,0,0,1,0,0|0|0|1|0|0|0|0|0,0|0|0|0|0|0|0|0|0,0|0|0|0|0|0|0|0|0,0|0|0|1|0|0|0|0|0,0|0|0|0|0|0|0|0|0
48830,CANDIDATE,1,395,395,3,1,255,0,256,1,0,0,1,0,0|0|0|0|0|0|0|0|1,0|0|0|0|0|0|0|0|0,0|0|0|0|0|0|0|0|0,0|0|0|0|0|0|0|0|1,0|0|0|0|0|0|0|0|0
48843,CANDIDATE,1,396,396,3,1,255,0,256,1,0,0,1,0,0|0|0|0|0|0|0|0|1,0|0|0|0|0|0|0|0|0,0|0|0|0|0|0|0|0|0,0|0|0|0|0|0|0|0|1,0|0|0|0|0|0|0|0|0
48876,CANDIDATE,1,397,397,3,1,255,0,256,1,0,0,1,0,0|0|0|0|0|0|0|0|1,0|0|0|0|0|0|0|0|0,0|0|0|0|0|0|0|0|0,0|0|0|0|0|0|0|0|1,0|0|0|0|0|0|0|0|0
49016,CANDIDATE,1,398,398,3,1,447,0,64,1,0,0,1,0,0|0|0|0|0|0|1|0|0,0|0|0|0|0|0|0|0|0,0|0|0|0|0|0|0|0|0,0|0|0|0|0|0|1|0|0,0|0|0|0|0|0|0|0|0
49513,CANDIDATE,1,399,399,3,1,511,0,0,1,1,0,0,0,0|0|0|0|0|0|1|0|0,0|0|0|0|0|0|1|0|0,0|0|0|0|0|0|0|0|0,0|0|0|0|0|0|0|0|0,0|0|0|0|0|0|0|0|0
49514,CANDIDATE,1,399,399,3,1,511,0,0,1,1,0,0,0,0|0|0|0|0|0|1|0|0,0|0|0|0|0|0|1|0|0,0|0|0|0|0|0|0|0|0,0|0|0|0|0|0|0|0|0,0|0|0|0|0|0|0|0|0
49515,CANDIDATE,1,399,399,3,1,511,0,0,1,1,0,0,0,0|0|0|0|0|0|1|0|0,0|0|0|0|0|0|1|0|0,0|0|0|0|0|0|0|0|0,0|0|0|0|0|0|0|0|0,0|0|0|0|0|0|0|0|0
49516,CANDIDATE,1,399,399,3,1,511,0,0,1,1,0,0,0,0|0|0|0|0|0|1|0|0,0|0|0|0|0|0|1|0|0,0|0|0|0|0|0|0|0|0,0|0|0|0|0|0|0|0|0,0|0|0|0|0|0|0|0|0
49518,CANDIDATE,1,399,399,3,1,511,0,0,1,0,0,0,0,0|0|0|0|0|0|1|0|0,0|0|0|0|0|0|0|0|0,0|0|0|0|0|0|0|0|0,0|0|0|0|0|0|0|0|0,0|0|0|0|0|0|0|0|0
49519,CANDIDATE,1,399,399,3,1,511,0,0,1,0,0,0,0,0|0|0|0|0|0|1|0|0,0|0|0|0|0|0|0|0|0,0|0|0|0|0|0|0|0|0,0|0|0|0|0|0|0|0|0,0|0|0|0|0|0|0|0|0
49520,CANDIDATE,1,399,399,3,1,511,0,0,1,0,0,0,0,0|0|0|0|0|0|0|0|1,0|0|0|0|0|0|0|0|0,0|0|0|0|0|0|0|0|0,0|0|0|0|0|0|0|0|0,0|0|0|0|0|0|0|0|0
49521,CANDIDATE,1,399,399,3,1,511,0,0,1,0,0,0,0,0|0|0|0|0|0|0|0|1,0|0|0|0|0|0|0|0|0,0|0|0|0|0|0|0|0|0,0|0|0|0|0|0|0|0|0,0|0|0|0|0|0|0|0|0
