pool_id,status,promotion_evidence_visits,absorbed_candidate_visits,absorbed_candidate_action_evidence,active_pool_mask_visits,matched_state_count,actions_tried,remaining_actions,coverage_percent,unknown_actions,safe_actions,blocked_actions,unknown_mask,safe_mask,blocked_mask,total_action_attempts,total_safe_outcomes,total_collision_outcomes,total_out_of_road_outcomes,total_warnings,action_attempt_counts,safe_outcome_counts,collision_outcome_counts,out_of_road_outcome_counts,warning_counts,first_episode_created,last_episode_visited,mean_general_cosine_similarity,mean_general_rms_distance,mean_safety_cosine_similarity,mean_safety_rms_distance,centroid_updates,centroid_frozen_by_stability,centroid_frozen_by_cap
5,ACTIVE,4,0,0,6,6,8,1,88.88888888888889,8,1,0,447,64,0,10,10,0,0,0,1|1|1|1|1|0|3|1|1,1|1|1|1|1|0|3|1|1,0|0|0|0|0|0|0|0|0,0|0|0|0|0|0|0|0|0,0|0|0|0|0|0|0|0|0,171,262,0.9964518149693807,0.018934309016913176,0.9974162181218466,0.08547875036795934,6,False,False
17,ACTIVE,4,0,0,0,0,2,7,22.22222222222222,8,1,0,447,64,0,4,2,0,0,0,0|0|0|1|0|0|3|0|0,0|0|0|0|0|0|2|0|0,0|0|0|0|0|0|0|0|0,0|0|0|0|0|0|0|0|0,0|0|0|0|0|0|0|0|0,171,171,0.0,0.0,0.0,0.0,0,False,False
72,ACTIVE,4,0,0,4,4,6,3,66.66666666666667,8,1,0,447,64,0,8,8,0,0,0,0|1|1|1|0|0|3|1|1,0|1|1|1|0|0|3|1|1,0|0|0|0|0|0|0|0|0,0|0|0|0|0|0|0|0|0,0|0|0|0|0|0|0|0|0,175,260,0.9977373629808426,0.012844895594753325,0.9949933290481567,0.06971736904233694,4,False,False
77,ACTIVE,4,0,0,2,2,4,5,44.44444444444444,8,1,0,447,64,0,6,6,0,0,0,0|1|0|1|0|0|3|1|0,0|1|0|1|0|0|3|1|0,0|0|0|0|0|0|0|0|0,0|0|0|0|0|0|0|0|0,0|0|0|0|0|0|0|0|0,175,253,0.9956708550453186,0.011933682719245553,0.9966858923435211,0.06166054867208004,2,False,False
31,ACTIVE,4,0,0,0,0,2,7,22.22222222222222,8,0,1,447,0,64,4,0,0,1,3,0|0|0|1|0|0|3|0|0,0|0|0|0|0|0|0|0|0,0|0|0|0|0|0|0|0|0,0|0|0|0|0|0|1|0|0,0|0|0|1|0|0|2|0|0,179,179,0.0,0.0,0.0,0.0,0,False,False
283,ACTIVE,4,4,1,4,4,7,2,77.77777777777777,8,1,0,447,64,0,12,12,0,0,0,0|0|1|1|1|1|6|1|1,0|0|1|1|1|1|6|1|1,0|0|0|0|0|0|0|0|0,0|0|0|0|0|0|0|0|0,0|0|0|0|0|0|0|0|0,181,382,0.9961256682872772,0.02343219704926014,0.9986674934625626,0.0716954292729497,5,False,False
118,ACTIVE,4,1,1,4,4,6,3,66.66666666666667,7,2,0,319,192,0,9,9,0,0,0,0|1|1|1|0|0|3|2|1,0|1|1|1|0|0|3|2|1,0|0|0|0|0|0|0|0|0,0|0|0|0|0|0|0|0|0,0|0|0|0|0|0|0|0|0,186,259,0.9953932017087936,0.01846715551801026,0.9951836168766022,0.08215918764472008,5,False,False
80,ACTIVE,4,0,0,3,3,5,4,55.55555555555556,8,1,0,447,64,0,7,7,0,0,0,0|1|0|1|0|0|3|1|1,0|1|0|1|0|0|3|1|1,0|0|0|0|0|0|0|0|0,0|0|0|0|0|0|0|0|0,0|0|0|0|0|0|0|0|0,186,260,0.9981081287066141,0.011266780085861683,0.9972602327664694,0.07196767007311185,3,False,False
131,ACTIVE,4,0,0,3,3,5,4,55.55555555555556,8,1,0,447,64,0,7,6,0,0,0,0|0|1|1|0|0|3|1|1,0|0|1|1|0|0|2|1|1,0|0|0|0|0|0|0|0|0,0|0|0|0|0|0|0|0|0,0|0|0|0|0|0|0|0|0,186,259,0.9971068898836771,0.018941428512334824,0.997489849726359,0.08241317793726921,3,False,False
43,ACTIVE,4,0,0,3,3,5,4,55.55555555555556,8,1,0,447,64,0,7,6,0,0,1,0|1|0|1|0|0|3|1|1,0|1|0|1|0|0|3|1|0,0|0|0|0|0|0|0|0|0,0|0|0|0|0|0|0|0|0,0|0|0|0|0|0|0|0|1,189,251,0.9662333925565084,0.108767236272494,0.9969515403111776,0.08634519577026367,3,False,False
459,ACTIVE,4,2,1,2,2,4,5,44.44444444444444,8,1,0,447,64,0,8,8,0,0,0,0|0|0|1|0|0|5|1|1,0|0|0|1|0|0|5|1|1,0|0|0|0|0|0|0|0|0,0|0|0|0|0|0|0|0|0,0|0|0|0|0|0|0|0|0,190,383,0.999326080083847,0.01130276033654809,0.9986760914325714,0.0603819265961647,3,False,False
297,ACTIVE,4,0,0,0,0,2,7,22.22222222222222,8,1,0,447,64,0,4,4,0,0,0,0|0|0|1|0|0|3|0|0,0|0|0|1|0|0|3|0|0,0|0|0|0|0|0|0|0|0,0|0|0|0|0|0|0|0|0,0|0|0|0|0|0|0|0|0,190,190,0.0,0.0,0.0,0.0,0,False,False
482,ACTIVE,4,4,1,0,0,3,6,33.333333333333336,8,1,0,447,64,0,8,8,0,0,0,0|0|0|1|0|0|6|1|0,0|0|0|1|0|0|6|1|0,0|0|0|0|0|0|0|0|0,0|0|0|0|0|0|0|0|0,0|0|0|0|0|0|0|0|0,191,191,0.0,0.0,0.0,0.0,1,False,False
312,ACTIVE,4,0,0,1,1,3,6,33.333333333333336,7,0,2,439,0,72,5,0,0,2,3,0|1|0|1|0|0|3|0|0,0|0|0|0|0|0|0|0|0,0|0|0|0|0|0|0|0|0,0|0|0|1|0|0|1|0|0,0|1|0|0|0|0|2|0|0,192,196,0.9929724931716919,0.023576999083161354,0.9942402839660645,0.07693026214838028,1,False,False
211,ACTIVE,4,0,0,4,4,7,2,77.77777777777777,8,0,1,447,0,64,8,6,0,0,2,0|1|1|1|1|0|2|1|1,0|1|1|1|1|0|0|1|1,0|0|0|0|0|0|0|0|0,0|0|0|0|0|0|0|0|0,0|0|0|0|0|0|2|0|0,193,203,0.9693584889173508,0.14618820697069168,0.9980995953083038,0.06483344128355384,4,False,False
415,ACTIVE,4,0,0,3,3,5,4,55.55555555555556,9,0,0,511,0,0,7,1,0,0,0,0|0|0|1|0|1|3|1|1,0|0|0|1|0|0|0|0|0,0|0|0|0|0|0|0|0|0,0|0|0|0|0|0|0|0|0,0|0|0|0|0|0|0|0|0,194,384,0.9995601375897726,0.013354428112506866,0.9999924500783285,0.00478111036742727,3,True,False
212,ACTIVE,4,0,0,1,1,4,5,44.44444444444444,8,0,1,447,0,64,5,1,0,0,4,0|1|0|1|0|0|2|1|0,0|1|0|0|0|0|0|0|0,0|0|0|0|0|0|0|0|0,0|0|0|0|0|0|0|0|0,0|0|0|1|0|0|2|1|0,194,203,0.9995505213737488,0.05044114589691162,0.9978098273277283,0.06577270478010178,1,False,False
508,ACTIVE,4,2,2,2,2,5,4,55.55555555555556,8,0,1,447,0,64,8,4,0,0,4,0|1|0|2|0|0|3|1|1,0|1|0|1|0|0|0|1|1,0|0|0|0|0|0|0|0|0,0|0|0|0|0|0|0|0|0,0|0|0|1|0|0|3|0|0,196,196,0.9978372752666473,0.013809562660753727,0.9976919293403625,0.07952870428562164,3,False,False
10,ACTIVE,4,0,0,3,3,5,4,55.55555555555556,8,1,0,447,64,0,7,7,0,0,0,0|1|0|1|0|0|3|1|1,0|1|0|1|0|0|3|1|1,0|0|0|0|0|0|0|0|0,0|0|0|0|0|0|0|0|0,0|0|0|0|0|0|0|0|0,197,262,0.9934626817703247,0.0156939464310805,0.9928412238756815,0.08397728204727173,3,False,False
11,ACTIVE,4,0,0,1,1,3,6,33.333333333333336,8,1,0,447,64,0,5,5,0,0,0,0|0|0|1|0|0|3|1|0,0|0|0|1|0|0|3|1|0,0|0|0|0|0|0|0|0|0,0|0|0|0|0|0|0|0|0,0|0|0|0|0|0|0|0|0,197,210,0.9930550456047058,0.01776093803346157,0.9969360828399658,0.07562601566314697,1,False,False
13,ACTIVE,4,0,0,0,0,2,7,22.22222222222222,8,1,0,447,64,0,4,4,0,0,0,0|0|0|1|0|0|3|0|0,0|0|0|1|0|0|3|0|0,0|0|0|0|0|0|0|0|0,0|0|0|0|0|0|0|0|0,0|0|0|0|0|0|0|0|0,197,197,0.0,0.0,0.0,0.0,0,False,False
382,ACTIVE,4,0,0,1,1,3,6,33.333333333333336,8,1,0,447,64,0,5,5,0,0,0,0|0|0|1|0|0|3|1|0,0|0|0|1|0|0|3|1|0,0|0|0|0|0|0|0|0|0,0|0|0|0|0|0|0|0|0,0|0|0|0|0|0|0|0|0,198,222,0.9992007613182068,0.005715044680982828,0.9992904663085938,0.05483740568161011,1,False,False
79,ACTIVE,4,0,0,0,0,2,7,22.22222222222222,8,1,0,447,64,0,4,4,0,0,0,0|0|0|1|0|0|3|0|0,0|0|0|1|0|0|3|0|0,0|0|0|0|0|0|0|0|0,0|0|0|0|0|0|0|0|0,0|0|0|0|0|0|0|0|0,198,198,0.0,0.0,0.0,0.0,0,False,False
194,ACTIVE,4,0,0,4,4,6,3,66.66666666666667,8,1,0,447,64,0,8,8,0,0,0,0|1|0|1|0|1|3|1|1,0|1|0|1|0|1|3|1|1,0|0|0|0|0|0|0|0|0,0|0|0|0|0|0|0|0|0,0|0|0|0|0|0|0|0|0,199,396,0.994990348815918,0.020472275326028466,0.9974801689386368,0.08150176890194416,4,False,False
629,ACTIVE,4,0,0,2,2,4,5,44.44444444444444,8,1,0,447,64,0,6,6,0,0,0,0|1|0|1|0|0|3|1|0,0|1|0|1|0|0|3|1|0,0|0|0|0|0|0|0|0|0,0|0|0|0|0|0|0|0|0,0|0|0|0|0|0|0|0|0,199,260,0.9975951910018921,0.013840927742421627,0.9922233819961548,0.08036491274833679,2,False,False
659,ACTIVE,4,0,0,4,4,6,3,66.66666666666667,8,1,0,447,64,0,8,8,0,0,0,0|1|1|1|0|0|3|1|1,0|1|1|1|0|0|3|1|1,0|0|0|0|0|0|0|0|0,0|0|0|0|0|0|0|0|0,0|0|0|0|0|0|0|0|0,200,247,0.9936785697937012,0.015062336809933186,0.9947365969419479,0.06308675184845924,4,False,False
708,ACTIVE,4,0,0,2,2,4,5,44.44444444444444,8,1,0,447,64,0,6,6,0,0,0,0|1|0|1|0|0|3|1|0,0|1|0|1|0|0|3|1|0,0|0|0|0|0|0|0|0|0,0|0|0|0|0|0|0|0|0,0|0|0|0|0|0|0|0|0,202,252,0.9890415370464325,0.01729440689086914,0.9960983395576477,0.08175453171133995,2,False,False
267,ACTIVE,4,0,0,0,0,3,6,33.333333333333336,8,0,1,447,0,64,4,1,0,0,3,0|1|0|1|0|0|2|0|0,0|0|0|1|0|0|0|0|0,0|0|0|0|0|0|0|0|0,0|0|0|0|0|0|0|0|0,0|1|0|0|0|0|2|0|0,204,204,0.0,0.0,0.0,0.0,0,False,False
776,ACTIVE,4,0,0,0,0,3,6,33.333333333333336,9,0,0,511,0,0,4,0,0,0,0,0|1|0|2|0|0|0|1|0,0|0|0|0|0|0|0|0|0,0|0|0|0|0|0|0|0|0,0|0|0|0|0|0|0|0|0,0|0|0|0|0|0|0|0|0,205,205,0.0,0.0,0.0,0.0,0,False,False
779,ACTIVE,4,0,0,1,1,3,6,33.333333333333336,9,0,0,511,0,0,5,0,0,0,0,0|3|0|1|0|0|0|1|0,0|0|0|0|0|0|0|0|0,0|0|0|0|0|0|0|0|0,0|0|0|0|0|0|0|0|0,0|0|0|0|0|0|0|0|0,205,205,0.9999969005584717,0.00940090324729681,0.9995695352554321,0.06269380450248718,1,False,False
777,ACTIVE,4,0,0,0,0,3,6,33.333333333333336,9,0,0,511,0,0,4,0,0,0,0,0|2|0|1|0|0|0|1|0,0|0|0|0|0|0|0|0|0,0|0|0|0|0|0|0|0|0,0|0|0|0|0|0|0|0|0,0|0|0|0|0|0|0|0|0,205,205,0.0,0.0,0.0,0.0,0,False,False
786,ACTIVE,4,0,0,0,0,2,7,22.22222222222222,9,0,0,511,0,0,4,0,0,0,0,0|3|0|0|0|0|0|1|0,0|0|0|0|0|0|0|0|0,0|0|0|0|0|0|0|0|0,0|0|0|0|0|0|0|0|0,0|0|0|0|0|0|0|0|0,205,205,0.0,0.0,0.0,0.0,0,False,False
789,ACTIVE,4,0,0,0,0,2,7,22.22222222222222,9,0,0,511,0,0,4,0,0,0,0,0|3|0|0|0|0|0|1|0,0|0|0|0|0|0|0|0|0,0|0|0|0|0|0|0|0|0,0|0|0|0|0|0|0|0|0,0|0|0|0|0|0|0|0|0,205,205,0.0,0.0,0.0,0.0,0,False,False
797,ACTIVE,4,0,0,2,2,4,5,44.44444444444444,9,0,0,511,0,0,6,0,0,0,0,0|3|0|1|0|0|0|1|1,0|0|0|0|0|0|0|0|0,0|0|0|0|0|0|0|0|0,0|0|0|0|0|0|0|0|0,0|0|0|0|0|0|0|0|0,205,205,0.999996155500412,0.009457202162593603,0.9996304214000702,0.05705109238624573,2,False,False
795,ACTIVE,4,0,0,0,0,3,6,33.333333333333336,9,0,0,511,0,0,4,0,0,0,0,0|2|0|1|0|0|0|1|0,0|0|0|0|0|0|0|0|0,0|0|0|0|0|0|0|0|0,0|0|0|0|0|0|0|0|0,0|0|0|0|0|0|0|0|0,205,205,0.0,0.0,0.0,0.0,0,False,False
787,ACTIVE,4,0,0,0,0,2,7,22.22222222222222,9,0,0,511,0,0,4,0,0,0,0,0|3|0|0|0|0|0|1|0,0|0|0|0|0|0|0|0|0,0|0|0|0|0|0|0|0|0,0|0|0|0|0|0|0|0|0,0|0|0|0|0|0|0|0|0,205,205,0.0,0.0,0.0,0.0,0,False,False
806,ACTIVE,4,2,1,6,6,8,1,88.88888888888889,8,1,0,447,64,0,12,11,0,0,1,0|1|1|1|1|1|5|1|1,0|1|1|0|1|1|5|1|1,0|0|0|0|0|0|0|0|0,0|0|0|0|0|0|0|0|0,0|0|0|1|0|0|0|0|0,206,309,0.998273770014445,0.011981854991366466,0.9980499943097433,0.05534330460553368,5,True,False
461,ACTIVE,4,0,0,1,1,3,6,33.333333333333336,8,1,0,447,64,0,5,5,0,0,0,0|0|0|1|0|0|3|1|0,0|0|0|1|0|0|3|1|0,0|0|0|0|0|0|0|0|0,0|0|0|0|0|0|0|0|0,0|0|0|0|0|0|0|0|0,207,207,0.9998188614845276,0.0042550708167254925,0.9997695684432983,0.01660790480673313,1,False,False
285,ACTIVE,4,0,0,1,1,3,6,33.333333333333336,8,1,0,447,64,0,5,5,0,0,0,0|0|0|1|0|0|3|1|0,0|0|0|1|0|0|3|1|0,0|0|0|0|0|0|0|0|0,0|0|0|0|0|0|0|0|0,0|0|0|0|0|0|0|0|0,207,217,0.9988582730293274,0.011610916815698147,0.9945282340049744,0.08625230193138123,1,False,False
383,ACTIVE,4,0,0,0,0,2,7,22.22222222222222,8,1,0,447,64,0,4,4,0,0,0,0|0|0|1|0|0|3|0|0,0|0|0|1|0|0|3|0|0,0|0|0|0|0|0|0|0|0,0|0|0|0|0|0|0|0|0,0|0|0|0|0|0|0|0|0,207,207,0.0,0.0,0.0,0.0,0,False,False
840,ACTIVE,4,0,0,0,0,2,7,22.22222222222222,8,1,0,447,64,0,4,4,0,0,0,0|0|0|1|0|0|3|0|0,0|0|0|1|0|0|3|0|0,0|0|0|0|0|0|0|0|0,0|0|0|0|0|0|0|0|0,0|0|0|0|0|0|0|0|0,208,208,0.0,0.0,0.0,0.0,0,False,False
543,ACTIVE,4,0,0,1,1,3,6,33.333333333333336,8,1,0,447,64,0,5,5,0,0,0,0|0|0|1|0|0|3|1|0,0|0|0|1|0|0|3|1|0,0|0|0|0|0|0|0|0|0,0|0|0|0|0|0|0|0|0,0|0|0|0|0|0|0|0|0,209,209,0.9942935109138489,0.015816228464245796,0.990603506565094,0.09790822118520737,1,False,False
903,ACTIVE,4,0,0,0,0,2,7,22.22222222222222,8,1,0,447,64,0,4,4,0,0,0,0|0|0|1|0|0|3|0|0,0|0|0|1|0|0|3|0|0,0|0|0|0|0|0|0|0|0,0|0|0|0|0|0|0|0|0,0|0|0|0|0|0|0|0|0,211,211,0.0,0.0,0.0,0.0,0,False,False
84,ACTIVE,4,0,0,0,0,2,7,22.22222222222222,8,1,0,447,64,0,4,4,0,0,0,0|0|0|1|0|0|3|0|0,0|0|0|1|0|0|3|0|0,0|0|0|0|0|0|0|0|0,0|0|0|0|0|0|0|0|0,0|0|0|0|0|0|0|0|0,212,212,0.0,0.0,0.0,0.0,0,False,False
319,ACTIVE,4,0,0,3,3,5,4,55.55555555555556,8,1,0,447,64,0,7,7,0,0,0,0|1|0|1|0|0|3|1|1,0|1|0|1|0|0|3|1|1,0|0|0|0|0|0|0|0|0,0|0|0|0|0|0|0|0|0,0|0|0|0|0|0|0|0|0,221,252,0.997604767481486,0.007474922575056553,0.9975927670796713,0.04212920988599459,3,False,False
715,ACTIVE,4,0,0,0,0,3,6,33.333333333333336,9,0,0,511,0,0,4,3,0,0,1,0|0|0|1|0|0|2|1|0,0|0|0|1|0|0|1|1|0,0|0|0|0|0|0|0|0|0,0|0|0|0|0|0|0|0|0,0|0|0|0|0|0|1|0|0,221,221,0.0,0.0,0.0,0.0,0,False,False
1191,ACTIVE,4,0,0,0,0,2,7,22.22222222222222,8,1,0,447,64,0,4,4,0,0,0,0|0|0|1|0|0|3|0|0,0|0|0|1|0|0|3|0|0,0|0|0|0|0|0|0|0|0,0|0|0|0|0|0|0|0|0,0|0|0|0|0|0|0|0|0,223,223,0.0,0.0,0.0,0.0,0,False,False
1201,ACTIVE,4,0,0,2,2,4,5,44.44444444444444,8,1,0,447,64,0,6,6,0,0,0,0|0|0|1|1|0|3|0|1,0|0|0|1|1|0|3|0|1,0|0|0|0|0|0|0|0|0,0|0|0|0|0|0|0|0|0,0|0|0|0|0|0|0|0|0,224,379,0.9831558763980865,0.03179290983825922,0.9980871379375458,0.09180428832769394,2,False,False
1324,ACTIVE,4,0,0,0,0,2,7,22.22222222222222,8,1,0,447,64,0,4,4,0,0,0,0|0|0|1|0|0|3|0|0,0|0|0|1|0|0|3|0|0,0|0|0|0|0|0|0|0|0,0|0|0|0|0|0|0|0|0,0|0|0|0|0|0|0|0|0,228,228,0.0,0.0,0.0,0.0,0,False,False
1330,ACTIVE,4,2,1,0,0,2,7,22.22222222222222,8,1,0,447,64,0,6,6,0,0,0,0|0|0|0|0|0|5|0|1,0|0|0|0|0|0|5|0|1,0|0|0|0|0|0|0|0|0,0|0|0|0|0|0|0|0|0,0|0|0|0|0|0|0|0|0,230,230,0.0,0.0,0.0,0.0,1,False,False
1441,ACTIVE,4,0,0,3,3,5,4,55.55555555555556,8,1,0,447,64,0,7,7,0,0,0,0|0|0|1|1|0|3|1|1,0|0|0|1|1|0|3|1|1,0|0|0|0|0|0|0|0|0,0|0|0|0|0|0|0|0|0,0|0|0|0|0|0|0|0|0,232,255,0.9990176757176717,0.009251604167123636,0.9990263183911642,0.042378056794404984,3,False,False
1502,ACTIVE,4,0,0,0,0,3,6,33.333333333333336,8,1,0,503,8,0,4,4,0,0,0,0|0|0|2|0|0|0|1|1,0|0|0|2|0|0|0|1|1,0|0|0|0|0|0|0|0|0,0|0|0|0|0|0|0|0|0,0|0|0|0|0|0|0|0|0,235,235,0.0,0.0,0.0,0.0,0,False,False
1503,ACTIVE,4,0,0,0,0,2,7,22.22222222222222,7,0,2,247,0,264,4,1,0,1,2,0|0|0|3|0|0|0|0|1,0|0|0|1|0|0|0|0|0,0|0|0|0|0|0|0|0|0,0|0|0|0|0|0|0|0|1,0|0|0|2|0|0|0|0|0,235,235,0.0,0.0,0.0,0.0,0,False,False
808,ACTIVE,4,0,0,1,1,3,6,33.333333333333336,8,0,1,447,0,64,5,2,0,1,2,0|0|0|1|0|0|3|0|1,0|0|0|1|0|0|0|0|1,0|0|0|0|0|0|0|0|0,0|0|0|0|0|0|1|0|0,0|0|0|0|0|0|2|0|0,238,238,0.9853937029838562,0.03397296369075775,0.9906867146492004,0.09243027120828629,1,False,False
484,ACTIVE,4,0,0,0,0,2,7,22.22222222222222,8,1,0,447,64,0,4,4,0,0,0,0|0|0|1|0|0|3|0|0,0|0|0|1|0|0|3|0|0,0|0|0|0|0|0|0|0|0,0|0|0|0|0|0|0|0|0,0|0|0|0|0|0|0|0|0,240,240,0.0,0.0,0.0,0.0,0,False,False
878,ACTIVE,4,4,1,1,1,4,5,44.44444444444444,8,1,0,447,64,0,9,9,0,0,0,0|1|0|1|0|0|6|1|0,0|1|0|1|0|0|6|1|0,0|0|0|0|0|0|0|0|0,0|0|0|0|0|0|0|0|0,0|0|0|0|0|0|0|0|0,242,242,0.9995657205581665,0.005787272471934557,0.9999885559082031,0.003757440485060215,2,False,False
1657,ACTIVE,4,0,0,0,0,2,7,22.22222222222222,8,1,0,255,256,0,4,4,0,0,0,0|0|0|0|0|0|0|1|3,0|0|0|0|0|0|0|1|3,0|0|0|0|0|0|0|0|0,0|0|0|0|0|0|0|0|0,0|0|0|0|0|0|0|0|0,242,242,0.0,0.0,0.0,0.0,0,False,False
1681,ACTIVE,4,0,0,0,0,2,7,22.22222222222222,8,1,0,447,64,0,4,4,0,0,0,0|0|0|1|0|0|3|0|0,0|0|0|1|0|0|3|0|0,0|0|0|0|0|0|0|0|0,0|0|0|0|0|0|0|0|0,0|0|0|0|0|0|0|0|0,244,244,0.0,0.0,0.0,0.0,0,False,False
1744,ACTIVE,4,0,0,0,0,2,7,22.22222222222222,8,1,0,447,64,0,4,4,0,0,0,0|0|0|1|0|0|3|0|0,0|0|0|1|0|0|3|0|0,0|0|0|0|0|0|0|0|0,0|0|0|0|0|0|0|0|0,0|0|0|0|0|0|0|0|0,247,247,0.0,0.0,0.0,0.0,0,False,False
1801,ACTIVE,4,0,0,0,0,3,6,33.333333333333336,8,1,0,447,64,0,4,4,0,0,0,0|0|0|1|0|0|2|0|1,0|0|0|1|0|0|2|0|1,0|0|0|0|0|0|0|0|0,0|0|0|0|0|0|0|0|0,0|0|0|0|0|0|0|0|0,249,249,0.0,0.0,0.0,0.0,0,False,False
1868,ACTIVE,4,0,0,0,0,2,7,22.22222222222222,8,1,0,447,64,0,4,4,0,0,0,0|0|0|1|0|0|3|0|0,0|0|0|1|0|0|3|0|0,0|0|0|0|0|0|0|0|0,0|0|0|0|0|0|0|0|0,0|0|0|0|0|0|0|0|0,252,252,0.0,0.0,0.0,0.0,0,False,False
1889,ACTIVE,4,0,0,2,2,4,5,44.44444444444444,8,1,0,447,64,0,6,6,0,0,0,0|0|0|1|0|0|3|1|1,0|0|0|1|0|0|3|1|1,0|0|0|0|0|0|0|0|0,0|0|0|0|0|0|0|0|0,0|0|0|0|0|0|0|0|0,253,396,0.9992256164550781,0.01136163529008627,0.9978430867195129,0.07438094541430473,2,False,False
39,ACTIVE,4,0,0,0,0,2,7,22.22222222222222,8,1,0,447,64,0,4,4,0,0,0,0|0|0|1|0|0|3|0|0,0|0|0|1|0|0|3|0|0,0|0|0|0|0|0|0|0|0,0|0|0|0|0|0|0|0|0,0|0|0|0|0|0|0|0|0,257,257,0.0,0.0,0.0,0.0,0,False,False
955,ACTIVE,4,0,0,1,1,3,6,33.333333333333336,8,1,0,447,64,0,5,5,0,0,0,0|0|0|1|0|0|3|1|0,0|0|0|1|0|0|3|1|0,0|0|0|0|0|0|0|0|0,0|0|0|0|0|0|0|0|0,0|0|0|0|0|0|0|0|0,259,259,0.9978194236755371,0.01410292461514473,0.9951105117797852,0.06932520866394043,1,False,False
2092,ACTIVE,4,0,0,0,0,2,7,22.22222222222222,8,1,0,495,16,0,4,4,0,0,0,0|0|0|0|3|0|0|0|1,0|0|0|0|3|0|0|0|1,0|0|0|0|0|0|0|0|0,0|0|0|0|0|0|0|0|0,0|0|0|0|0|0|0|0|0,259,259,0.0,0.0,0.0,0.0,0,False,False
2095,ACTIVE,4,0,0,0,0,2,7,22.22222222222222,8,1,0,495,16,0,4,3,0,0,0,0|0|1|0|3|0|0|0|0,0|0|0|0|3|0|0|0|0,0|0|0|0|0|0|0|0|0,0|0|0|0|0|0|0|0|0,0|0|0|0|0|0|0|0|0,259,259,0.0,0.0,0.0,0.0,0,False,False
2098,ACTIVE,4,0,0,3,3,5,4,55.55555555555556,9,0,0,511,0,0,7,0,0,0,0,0|1|1|0|3|0|0|1|1,0|0|0|0|0|0|0|0|0,0|0|0|0|0|0|0|0|0,0|0|0|0|0|0|0|0|0,0|0|0|0|0|0|0|0|0,259,259,0.9998219013214111,0.007770986994728446,0.99934850136439,0.04294587314749757,3,False,False
2099,ACTIVE,4,0,0,2,2,4,5,44.44444444444444,9,0,0,511,0,0,6,3,0,0,0,0|1|3|0|1|0|0|0|1,0|1|1|0|0|0|0|0|1,0|0|0|0|0|0|0|0|0,0|0|0|0|0|0|0|0|0,0|0|0|0|0|0|0|0|0,259,259,0.9599758982658386,0.21385915577411652,0.999403715133667,0.05202349275350571,2,False,False
2100,ACTIVE,4,0,0,5,5,7,2,77.77777777777777,9,0,0,511,0,0,9,2,0,0,0,0|1|3|1|1|1|0|1|1,0|0|0|0|0|0|0|1|1,0|0|0|0|0|0|0|0|0,0|0|0|0|0|0|0|0|0,0|0|0|0|0|0|0|0|0,259,259,0.9292027235031128,0.16747359037399293,0.9993362188339233,0.05965678170323372,5,False,False
2109,ACTIVE,4,0,0,0,0,2,7,22.22222222222222,9,0,0,511,0,0,4,0,0,0,0,0|0|3|0|0|0|0|0|1,0|0|0|0|0|0|0|0|0,0|0|0|0|0|0|0|0|0,0|0|0|0|0|0|0|0|0,0|0|0|0|0|0|0|0|0,259,259,0.0,0.0,0.0,0.0,0,False,False
2093,ACTIVE,4,0,0,0,0,3,6,33.333333333333336,8,1,0,507,4,0,4,4,0,0,0,0|0|2|1|0|0|0|0|1,0|0|2|1|0|0|0|0|1,0|0|0|0|0|0|0|0|0,0|0|0|0|0|0|0|0|0,0|0|0|0|0|0|0|0|0,259,259,0.0,0.0,0.0,0.0,0,False,False
2107,ACTIVE,4,0,0,0,0,3,6,33.333333333333336,9,0,0,511,0,0,4,2,0,0,0,0|1|1|0|0|0|0|0|2,0|1|0|0|0|0|0|0|1,0|0|0|0|0|0|0|0|0,0|0|0|0|0|0|0|0|0,0|0|0|0|0|0|0|0|0,259,259,0.0,0.0,0.0,0.0,0,False,False
2110,ACTIVE,4,0,0,0,0,2,7,22.22222222222222,8,1,0,255,256,0,4,4,0,0,0,0|0|1|0|0|0|0|0|3,0|0|1|0|0|0|0|0|3,0|0|0|0|0|0|0|0|0,0|0|0|0|0|0|0|0|0,0|0|0|0|0|0|0|0|0,259,259,0.0,0.0,0.0,0.0,0,False,False
2102,ACTIVE,4,0,0,0,0,2,7,22.22222222222222,9,0,0,511,0,0,4,0,0,0,0,0|1|3|0|0|0|0|0|0,0|0|0|0|0|0|0|0|0,0|0|0|0|0|0|0|0|0,0|0|0|0|0|0|0|0|0,0|0|0|0|0|0|0|0|0,259,259,0.0,0.0,0.0,0.0,0,False,False
2104,ACTIVE,4,3,2,0,0,2,7,22.22222222222222,9,0,0,511,0,0,7,0,0,0,0,0|0|5|0|2|0|0|0|0,0|0|0|0|0|0|0|0|0,0|0|0|0|0|0|0|0|0,0|0|0|0|0|0|0|0|0,0|0|0|0|0|0|0|0|0,259,259,0.0,0.0,0.0,0.0,1,False,False
2121,ACTIVE,4,0,0,2,2,4,5,44.44444444444444,9,0,0,511,0,0,6,0,0,0,0,0|1|1|0|3|0|0|0|1,0|0|0|0|0|0|0|0|0,0|0|0|0|0|0|0|0|0,0|0|0|0|0|0|0|0|0,0|0|0|0|0|0|0|0|0,259,259,0.9999646246433258,0.004317954881116748,0.9998899400234222,0.039631049148738384,2,False,False
2119,ACTIVE,4,0,0,3,3,5,4,55.55555555555556,9,0,0,511,0,0,7,0,0,0,0,0|1|1|0|3|0|0|1|1,0|0|0|0|0|0|0|0|0,0|0|0|0|0|0|0|0|0,0|0|0|0|0|0|0|0|0,0|0|0|0|0|0|0|0|0,259,259,0.9999850193659464,0.0035011383394400277,0.9998824000358582,0.024671733379364014,3,True,False
2112,ACTIVE,4,0,0,0,0,3,6,33.333333333333336,9,0,0,511,0,0,4,3,0,0,0,0|2|0|0|1|0|0|0|1,0|1|0|0|1|0|0|0|1,0|0|0|0|0|0|0|0|0,0|0|0|0|0|0|0|0|0,0|0|0|0|0|0|0|0|0,259,259,0.0,0.0,0.0,0.0,0,False,False
2116,ACTIVE,4,0,0,0,0,3,6,33.333333333333336,9,0,0,511,0,0,4,2,0,0,0,0|2|0|0|1|0|0|0|1,0|0|0|0|1|0|0|0|1,0|0|0|0|0|0|0|0|0,0|0|0|0|0|0|0|0|0,0|0|0|0|0|0|0|0|0,259,259,0.0,0.0,0.0,0.0,0,False,False
2113,ACTIVE,4,0,0,1,1,3,6,33.333333333333336,8,1,0,509,2,0,5,4,0,0,0,0|3|0|0|0|0|0|1|1,0|2|0|0|0|0|0|1|1,0|0|0|0|0|0|0|0|0,0|0|0|0|0|0|0|0|0,0|0|0|0|0|0|0|0|0,259,259,0.9999252557754517,0.00963935162872076,0.9998310208320618,0.059388309717178345,1,False,False
2115,ACTIVE,4,0,0,0,0,2,7,22.22222222222222,9,0,0,511,0,0,4,0,0,0,0,0|3|0|0|1|0|0|0|0,0|0|0|0|0|0|0|0|0,0|0|0|0|0|0|0|0|0,0|0|0|0|0|0|0|0|0,0|0|0|0|0|0|0|0|0,259,259,0.0,0.0,0.0,0.0,0,False,False
2125,ACTIVE,4,0,0,4,4,7,2,77.77777777777777,9,0,0,511,0,0,8,0,0,0,0,0|1|1|1|2|1|0|1|1,0|0|0|0|0|0|0|0|0,0|0|0|0|0|0|0|0|0,0|0|0|0|0|0|0|0|0,0|0|0|0|0|0|0|0|0,259,259,0.9999191015958786,0.006482557742856443,0.9996297210454941,0.04464331082999706,3,True,False
2117,ACTIVE,4,0,0,3,3,6,3,66.66666666666667,9,0,0,511,0,0,7,1,0,0,0,0|2|1|1|1|0|0|1|1,0|0|0|0|0|0|0|0|1,0|0|0|0|0|0|0|0|0,0|0|0|0|0|0|0|0|0,0|0|0|0|0|0|0|0|0,259,259,0.999840517838796,0.00832491290445129,0.9996204376220703,0.06469302127758662,3,False,False
2118,ACTIVE,4,0,0,1,1,3,6,33.333333333333336,9,0,0,511,0,0,5,0,0,0,0,0|1|3|0|0|0|0|1|0,0|0|0|0|0|0|0|0|0,0|0|0|0|0|0|0|0|0,0|0|0|0|0|0|0|0|0,0|0|0|0|0|0|0|0|0,259,259,0.9996232390403748,0.01160792913287878,0.9991874694824219,0.0866759866476059,1,False,False
2126,ACTIVE,4,0,0,0,0,3,6,33.333333333333336,9,0,0,511,0,0,4,0,0,0,0,0|2|0|0|1|0|0|1|0,0|0|0|0|0|0|0|0|0,0|0|0|0|0|0|0|0|0,0|0|0|0|0|0|0|0|0,0|0|0|0|0|0|0|0|0,259,259,0.0,0.0,0.0,0.0,0,False,False
2128,ACTIVE,4,0,0,0,0,4,5,44.44444444444444,9,0,0,511,0,0,4,3,0,0,0,0|1|1|0|0|0|0|1|1,0|1|0|0|0|0|0|1|1,0|0|0|0|0|0|0|0|0,0|0|0|0|0|0|0|0|0,0|0|0|0|0|0|0|0|0,259,259,0.0,0.0,0.0,0.0,0,False,False
2144,ACTIVE,4,0,0,0,0,2,7,22.22222222222222,8,1,0,447,64,0,4,4,0,0,0,0|0|0|1|0|0|3|0|0,0|0|0|1|0|0|3|0|0,0|0|0|0|0|0|0|0|0,0|0|0|0|0|0|0|0|0,0|0|0|0|0|0|0|0|0,260,260,0.0,0.0,0.0,0.0,0,False,False
1194,ACTIVE,4,0,0,0,0,2,7,22.22222222222222,8,0,1,447,0,64,4,1,0,1,2,0|0|0|0|0|0|3|0|1,0|0|0|0|0|0|0|0|1,0|0|0|0|0|0|0|0|0,0|0|0|0|0|0|1|0|0,0|0|0|0|0|0|2|0|0,261,261,0.0,0.0,0.0,0.0,0,False,False
2173,ACTIVE,4,0,0,3,3,6,3,66.66666666666667,8,1,0,383,128,0,7,7,0,0,0,0|1|0|1|0|1|1|2|1,0|1|0|1|0|1|1|2|1,0|0|0|0|0|0|0|0|0,0|0|0|0|0|0|0|0|0,0|0|0|0|0|0|0|0|0,261,380,0.9891122380892435,0.09088765581448872,0.9937945405642191,0.0749775158862273,3,False,False
2187,ACTIVE,4,0,0,0,0,2,7,22.22222222222222,8,1,0,383,128,0,4,4,0,0,0,0|0|0|1|0|0|0|3|0,0|0|0|1|0|0|0|3|0,0|0|0|0|0|0|0|0|0,0|0|0|0|0|0|0|0|0,0|0|0|0|0|0|0|0|0,261,261,0.0,0.0,0.0,0.0,0,False,False
2191,ACTIVE,4,0,0,0,0,2,7,22.22222222222222,8,1,0,383,128,0,4,2,0,0,2,0|0|0|1|0|0|0|3|0,0|0|0|0|0|0|0|2|0,0|0|0|0|0|0|0|0|0,0|0|0|0|0|0|0|0|0,0|0|0|1|0|0|0|1|0,261,261,0.0,0.0,0.0,0.0,0,False,False
2233,ACTIVE,4,0,0,6,6,8,1,88.88888888888889,8,1,0,447,64,0,10,10,0,0,0,1|0|1|1|1|1|3|1|1,1|0|1|1|1|1|3|1|1,0|0|0|0|0|0|0|0|0,0|0|0|0|0|0|0|0|0,0|0|0|0|0|0|0|0|0,263,379,0.9635942379633585,0.047667999751865864,0.9971029162406921,0.07361867651343346,6,False,False
2275,ACTIVE,4,0,0,0,0,2,7,22.22222222222222,8,1,0,383,128,0,4,4,0,0,0,0|1|0|0|0|0|0|3|0,0|1|0|0|0|0|0|3|0,0|0|0|0|0|0|0|0|0,0|0|0|0|0|0|0|0|0,0|0|0|0|0|0|0|0|0,264,264,0.0,0.0,0.0,0.0,0,False,False
2278,ACTIVE,4,0,0,0,0,2,7,22.22222222222222,8,1,0,383,128,0,4,3,0,0,1,0|1|0|0|0|0|0|3|0,0|0|0|0|0|0|0|3|0,0|0|0|0|0|0|0|0|0,0|0|0|0|0|0|0|0|0,0|1|0|0|0|0|0|0|0,264,264,0.0,0.0,0.0,0.0,0,False,False
2296,ACTIVE,4,0,0,4,4,6,3,66.66666666666667,8,1,0,383,128,0,8,8,0,0,0,0|0|0|1|1|1|1|3|1,0|0|0|1|1|1|1|3|1,0|0|0|0|0|0|0|0|0,0|0|0|0|0|0|0|0|0,0|0|0|0|0|0|0|0|0,265,347,0.9739173799753189,0.07897744234651327,0.9978384524583817,0.06499325390905142,4,False,False
2298,ACTIVE,4,0,0,4,4,6,3,66.66666666666667,8,1,0,383,128,0,8,8,0,0,0,0|0|1|1|0|1|1|3|1,0|0|1|1|0|1|1|3|1,0|0|0|0|0|0|0|0|0,0|0|0|0|0|0|0|0|0,0|0|0|0|0|0|0|0|0,265,316,0.9948113411664963,0.12152962200343609,0.9985426962375641,0.06833857856690884,4,False,False
2300,ACTIVE,4,0,0,0,0,2,7,22.22222222222222,8,1,0,383,128,0,4,4,0,0,0,0|0|0|0|0|0|0|3|1,0|0|0|0|0|0|0|3|1,0|0|0|0|0|0|0|0|0,0|0|0|0|0|0|0|0|0,0|0|0|0|0|0|0|0|0,265,265,0.0,0.0,0.0,0.0,0,False,False
2302,ACTIVE,4,0,0,0,0,2,7,22.22222222222222,8,1,0,383,128,0,4,4,0,0,0,0|0|0|1|0|0|0|3|0,0|0|0|1|0|0|0|3|0,0|0|0|0|0|0|0|0|0,0|0|0|0|0|0|0|0|0,0|0|0|0|0|0|0|0|0,265,265,0.0,0.0,0.0,0.0,0,False,False
2304,ACTIVE,4,0,0,0,0,2,7,22.22222222222222,8,1,0,383,128,0,4,4,0,0,0,0|0|0|0|0|0|0|3|1,0|0|0|0|0|0|0|3|1,0|0|0|0|0|0|0|0|0,0|0|0|0|0|0|0|0|0,0|0|0|0|0|0|0|0|0,265,265,0.0,0.0,0.0,0.0,0,False,False
2306,ACTIVE,4,0,0,0,0,2,7,22.22222222222222,8,1,0,383,128,0,4,4,0,0,0,0|0|0|0|0|0|0|3|1,0|0|0|0|0|0|0|3|1,0|0|0|0|0|0|0|0|0,0|0|0|0|0|0|0|0|0,0|0|0|0|0|0|0|0|0,265,265,0.0,0.0,0.0,0.0,0,False,False
2386,ACTIVE,4,0,0,4,4,6,3,66.66666666666667,8,1,0,383,128,0,8,8,0,0,0,0|1|1|1|0|0|1|3|1,0|1|1|1|0|0|1|3|1,0|0|0|0|0|0|0|0|0,0|0|0|0|0|0|0|0|0,0|0|0|0|0|0|0|0|0,266,300,0.9787798821926117,0.058013054775074124,0.9950800836086273,0.09705179743468761,4,False,False
2388,ACTIVE,4,0,0,0,0,2,7,22.22222222222222,8,1,0,383,128,0,4,4,0,0,0,0|0|0|0|0|0|1|3|0,0|0|0|0|0|0|1|3|0,0|0|0|0|0|0|0|0|0,0|0|0|0|0|0|0|0|0,0|0|0|0|0|0|0|0|0,266,266,0.0,0.0,0.0,0.0,0,False,False
2391,ACTIVE,4,0,0,0,0,2,7,22.22222222222222,8,1,0,383,128,0,4,4,0,0,0,0|0|0|0|0|0|1|3|0,0|0|0|0|0|0|1|3|0,0|0|0|0|0|0|0|0|0,0|0|0|0|0|0|0|0|0,0|0|0|0|0|0|0|0|0,266,266,0.0,0.0,0.0,0.0,0,False,False
2393,ACTIVE,4,0,0,0,0,2,7,22.22222222222222,8,1,0,383,128,0,4,4,0,0,0,0|0|0|0|0|0|1|3|0,0|0|0|0|0|0|1|3|0,0|0|0|0|0|0|0|0|0,0|0|0|0|0|0|0|0|0,0|0|0|0|0|0|0|0|0,266,266,0.0,0.0,0.0,0.0,0,False,False
2395,ACTIVE,4,0,0,0,0,2,7,22.22222222222222,8,1,0,383,128,0,4,4,0,0,0,0|0|0|0|0|0|1|3|0,0|0|0|0|0|0|1|3|0,0|0|0|0|0|0|0|0|0,0|0|0|0|0|0|0|0|0,0|0|0|0|0|0|0|0|0,266,266,0.0,0.0,0.0,0.0,0,False,False
2417,ACTIVE,4,0,0,2,2,4,5,44.44444444444444,8,1,0,383,128,0,6,6,0,0,0,0|0|0|1|0|0|1|3|1,0|0|0|1|0|0|1|3|1,0|0|0|0|0|0|0|0|0,0|0|0|0|0|0|0|0|0,0|0|0|0|0|0|0|0|0,267,289,0.9888861775398254,0.16181869059801102,0.9983658492565155,0.06990190967917442,2,False,False
2419,ACTIVE,4,0,0,1,1,3,6,33.333333333333336,8,1,0,383,128,0,5,5,0,0,0,0|0|0|1|0|0|1|3|0,0|0|0|1|0|0|1|3|0,0|0|0|0|0|0|0|0|0,0|0|0|0|0|0|0|0|0,0|0|0|0|0|0|0|0|0,267,278,0.9913707375526428,0.15973225235939026,0.9995595216751099,0.036960434168577194,1,False,False
2422,ACTIVE,4,0,0,0,0,2,7,22.22222222222222,8,1,0,383,128,0,4,4,0,0,0,0|0|0|0|0|0|1|3|0,0|0|0|0|0|0|1|3|0,0|0|0|0|0|0|0|0|0,0|0|0|0|0|0|0|0|0,0|0|0|0|0|0|0|0|0,267,267,0.0,0.0,0.0,0.0,0,False,False
2425,ACTIVE,4,0,0,0,0,2,7,22.22222222222222,8,1,0,383,128,0,4,4,0,0,0,0|0|0|0|0|0|1|3|0,0|0|0|0|0|0|1|3|0,0|0|0|0|0|0|0|0|0,0|0|0|0|0|0|0|0|0,0|0|0|0|0|0|0|0|0,267,267,0.0,0.0,0.0,0.0,0,False,False
2463,ACTIVE,4,0,0,1,1,3,6,33.333333333333336,8,1,0,383,128,0,5,5,0,0,0,0|0|0|0|0|1|0|3|1,0|0|0|0|0|1|0|3|1,0|0|0|0|0|0|0|0|0,0|0|0|0|0|0|0|0|0,0|0|0|0|0|0|0|0|0,268,309,0.9842165112495422,0.07069890201091766,0.9993058443069458,0.0626816377043724,1,False,False
2466,ACTIVE,4,0,0,0,0,2,7,22.22222222222222,8,1,0,383,128,0,4,4,0,0,0,0|0|0|0|0|0|1|3|0,0|0|0|0|0|0|1|3|0,0|0|0|0|0|0|0|0|0,0|0|0|0|0|0|0|0|0,0|0|0|0|0|0|0|0|0,268,268,0.0,0.0,0.0,0.0,0,False,False
2468,ACTIVE,4,0,0,0,0,2,7,22.22222222222222,8,1,0,383,128,0,4,4,0,0,0,0|0|0|0|0|0|1|3|0,0|0|0|0|0|0|1|3|0,0|0|0|0|0|0|0|0|0,0|0|0|0|0|0|0|0|0,0|0|0|0|0|0|0|0|0,268,268,0.0,0.0,0.0,0.0,0,False,False
2470,ACTIVE,4,0,0,0,0,2,7,22.22222222222222,8,1,0,383,128,0,4,4,0,0,0,0|0|0|0|0|0|1|3|0,0|0|0|0|0|0|1|3|0,0|0|0|0|0|0|0|0|0,0|0|0|0|0|0|0|0|0,0|0|0|0|0|0|0|0|0,268,268,0.0,0.0,0.0,0.0,0,False,False
2472,ACTIVE,4,0,0,0,0,2,7,22.22222222222222,8,1,0,383,128,0,4,4,0,0,0,0|0|0|0|0|0|1|3|0,0|0|0|0|0|0|1|3|0,0|0|0|0|0|0|0|0|0,0|0|0|0|0|0|0|0|0,0|0|0|0|0|0|0|0|0,268,268,0.0,0.0,0.0,0.0,0,False,False
2465,ACTIVE,4,0,0,0,0,2,7,22.22222222222222,8,1,0,383,128,0,4,4,0,0,0,0|0|0|0|0|1|0|3|0,0|0|0|0|0|1|0|3|0,0|0|0|0|0|0|0|0|0,0|0|0|0|0|0|0|0|0,0|0|0|0|0|0|0|0|0,269,269,0.0,0.0,0.0,0.0,0,False,False
2502,ACTIVE,4,0,0,2,2,4,5,44.44444444444444,8,1,0,383,128,0,6,6,0,0,0,0|0|0|0|0|1|1|3|1,0|0|0|0|0|1|1|3|1,0|0|0|0|0|0|0|0|0,0|0|0|0|0|0|0|0|0,0|0|0|0|0|0|0|0|0,269,347,0.9988074600696564,0.06074933335185051,0.9979885518550873,0.08406687900424004,2,False,False
2504,ACTIVE,4,0,0,0,0,2,7,22.22222222222222,8,1,0,383,128,0,4,4,0,0,0,0|0|0|0|0|0|1|3|0,0|0|0|0|0|0|1|3|0,0|0|0|0|0|0|0|0|0,0|0|0|0|0|0|0|0|0,0|0|0|0|0|0|0|0|0,269,269,0.0,0.0,0.0,0.0,0,False,False
2506,ACTIVE,4,0,0,0,0,2,7,22.22222222222222,8,1,0,383,128,0,4,4,0,0,0,0|0|0|0|0|0|1|3|0,0|0|0|0|0|0|1|3|0,0|0|0|0|0|0|0|0|0,0|0|0|0|0|0|0|0|0,0|0|0|0|0|0|0|0|0,269,269,0.0,0.0,0.0,0.0,0,False,False
2508,ACTIVE,4,0,0,0,0,2,7,22.22222222222222,8,1,0,383,128,0,4,4,0,0,0,0|0|0|0|0|0|1|3|0,0|0|0|0|0|0|1|3|0,0|0|0|0|0|0|0|0|0,0|0|0|0|0|0|0|0|0,0|0|0|0|0|0|0|0|0,269,269,0.0,0.0,0.0,0.0,0,False,False
2510,ACTIVE,4,0,0,0,0,2,7,22.22222222222222,8,1,0,383,128,0,4,4,0,0,0,0|0|0|0|0|0|1|3|0,0|0|0|0|0|0|1|3|0,0|0|0|0|0|0|0|0|0,0|0|0|0|0|0|0|0|0,0|0|0|0|0|0|0|0|0,269,269,0.0,0.0,0.0,0.0,0,False,False
2549,ACTIVE,4,3,1,1,1,3,6,33.333333333333336,8,1,0,383,128,0,8,8,0,0,0,0|0|0|1|0|0|1|6|0,0|0|0|1|0|0|1|6|0,0|0|0|0|0|0|0|0|0,0|0|0|0|0|0|0|0|0,0|0|0|0|0|0|0|0|0,270,273,0.9996698498725891,0.009772216901183128,0.9993270635604858,0.07662918418645859,2,False,False
2551,ACTIVE,4,0,0,1,1,3,6,33.333333333333336,8,1,0,383,128,0,5,5,0,0,0,0|0|0|1|0|0|1|3|0,0|0|0|1|0|0|1|3|0,0|0|0|0|0|0|0|0|0,0|0|0|0|0|0|0|0|0,0|0|0|0|0|0|0|0|0,270,286,0.9976769089698792,0.027088738977909088,0.9973676800727844,0.07989618927240372,1,False,False
2553,ACTIVE,4,0,0,0,0,2,7,22.22222222222222,8,1,0,383,128,0,4,4,0,0,0,0|0|0|0|0|0|1|3|0,0|0|0|0|0|0|1|3|0,0|0|0|0|0|0|0|0|0,0|0|0|0|0|0|0|0|0,0|0|0|0|0|0|0|0|0,270,270,0.0,0.0,0.0,0.0,0,False,False
2555,ACTIVE,4,0,0,0,0,2,7,22.22222222222222,8,1,0,383,128,0,4,4,0,0,0,0|0|0|0|0|0|1|3|0,0|0|0|0|0|0|1|3|0,0|0|0|0|0|0|0|0|0,0|0|0|0|0|0|0|0|0,0|0|0|0|0|0|0|0|0,270,270,0.0,0.0,0.0,0.0,0,False,False
2603,ACTIVE,4,0,0,5,5,7,2,77.77777777777777,8,1,0,383,128,0,9,9,0,0,0,0|1|0|1|1|1|1|3|1,0|1|0|1|1|1|1|3|1,0|0|0|0|0|0|0|0|0,0|0|0|0|0|0|0|0|0,0|0|0|0|0|0|0|0|0,271,327,0.9618702054023742,0.09396869540214539,0.9976842164993286,0.07459321022033691,5,False,False
2606,ACTIVE,4,4,1,0,0,3,6,33.333333333333336,8,1,0,383,128,0,8,8,0,0,0,0|0|0|0|0|1|0|6|1,0|0|0|0|0|1|0|6|1,0|0|0|0|0|0|0|0|0,0|0|0|0|0|0|0|0|0,0|0|0|0|0|0|0|0|0,271,271,0.0,0.0,0.0,0.0,1,False,False
2608,ACTIVE,4,0,0,1,1,3,6,33.333333333333336,8,1,0,383,128,0,5,5,0,0,0,0|0|0|0|0|0|1|3|1,0|0|0|0|0|0|1|3|1,0|0|0|0|0|0|0|0|0,0|0|0|0|0|0|0|0|0,0|0|0|0|0|0|0|0|0,271,327,0.9815411567687988,0.20630629360675812,0.9989542365074158,0.0754159614443779,1,False,False
2610,ACTIVE,4,0,0,0,0,2,7,22.22222222222222,8,1,0,383,128,0,4,4,0,0,0,0|0|0|0|0|1|0|3|0,0|0|0|0|0|1|0|3|0,0|0|0|0|0|0|0|0|0,0|0|0|0|0|0|0|0|0,0|0|0|0|0|0|0|0|0,271,271,0.0,0.0,0.0,0.0,0,False,False
2612,ACTIVE,4,0,0,0,0,2,7,22.22222222222222,8,1,0,383,128,0,4,4,0,0,0,0|0|0|0|0|1|0|3|0,0|0|0|0|0|1|0|3|0,0|0|0|0|0|0|0|0|0,0|0|0|0|0|0|0|0|0,0|0|0|0|0|0|0|0|0,271,271,0.0,0.0,0.0,0.0,0,False,False
2614,ACTIVE,4,0,0,0,0,2,7,22.22222222222222,8,1,0,383,128,0,4,4,0,0,0,0|0|0|1|0|0|0|3|0,0|0|0|1|0|0|0|3|0,0|0|0|0|0|0|0|0|0,0|0|0|0|0|0|0|0|0,0|0|0|0|0|0|0|0|0,271,271,0.0,0.0,0.0,0.0,0,False,False
2616,ACTIVE,4,0,0,0,0,2,7,22.22222222222222,8,1,0,383,128,0,4,4,0,0,0,0|0|0|0|0|1|0|3|0,0|0|0|0|0|1|0|3|0,0|0|0|0|0|0|0|0|0,0|0|0|0|0|0|0|0|0,0|0|0|0|0|0|0|0|0,271,271,0.0,0.0,0.0,0.0,0,False,False
2618,ACTIVE,4,0,0,0,0,2,7,22.22222222222222,8,1,0,383,128,0,4,4,0,0,0,0|0|0|0|0|0|1|3|0,0|0|0|0|0|0|1|3|0,0|0|0|0|0|0|0|0|0,0|0|0|0|0|0|0|0|0,0|0|0|0|0|0|0|0|0,271,271,0.0,0.0,0.0,0.0,0,False,False
2620,ACTIVE,4,0,0,0,0,2,7,22.22222222222222,8,1,0,383,128,0,4,4,0,0,0,0|0|0|1|0|0|0|3|0,0|0|0|1|0|0|0|3|0,0|0|0|0|0|0|0|0|0,0|0|0|0|0|0|0|0|0,0|0|0|0|0|0|0|0|0,271,271,0.0,0.0,0.0,0.0,0,False,False
2622,ACTIVE,4,0,0,0,0,2,7,22.22222222222222,8,1,0,383,128,0,4,4,0,0,0,0|0|0|1|0|0|0|3|0,0|0|0|1|0|0|0|3|0,0|0|0|0|0|0|0|0|0,0|0|0|0|0|0|0|0|0,0|0|0|0|0|0|0|0|0,271,271,0.0,0.0,0.0,0.0,0,False,False
2625,ACTIVE,4,0,0,0,0,2,7,22.22222222222222,8,1,0,383,128,0,4,4,0,0,0,0|0|0|1|0|0|0|3|0,0|0|0|1|0|0|0|3|0,0|0|0|0|0|0|0|0|0,0|0|0|0|0|0|0|0|0,0|0|0|0|0|0|0|0|0,271,271,0.0,0.0,0.0,0.0,0,False,False
2643,ACTIVE,4,0,0,1,1,3,6,33.333333333333336,8,1,0,383,128,0,5,5,0,0,0,0|0|0|0|0|0|1|3|1,0|0|0|0|0|0|1|3|1,0|0|0|0|0|0|0|0|0,0|0|0|0|0|0|0|0|0,0|0|0|0|0|0|0|0|0,272,315,0.9903450608253479,0.05913043022155762,0.9949392080307007,0.08861641585826874,1,False,False
2646,ACTIVE,4,0,0,0,0,2,7,22.22222222222222,8,1,0,383,128,0,4,4,0,0,0,0|0|0|0|0|0|1|3|0,0|0|0|0|0|0|1|3|0,0|0|0|0|0|0|0|0|0,0|0|0|0|0|0|0|0|0,0|0|0|0|0|0|0|0|0,272,272,0.0,0.0,0.0,0.0,0,False,False
2648,ACTIVE,4,0,0,0,0,2,7,22.22222222222222,8,1,0,383,128,0,4,4,0,0,0,0|0|0|0|0|0|1|3|0,0|0|0|0|0|0|1|3|0,0|0|0|0|0|0|0|0|0,0|0|0|0|0|0|0|0|0,0|0|0|0|0|0|0|0|0,272,272,0.0,0.0,0.0,0.0,0,False,False
2650,ACTIVE,4,0,0,0,0,2,7,22.22222222222222,8,1,0,383,128,0,4,4,0,0,0,0|0|0|0|0|0|1|3|0,0|0|0|0|0|0|1|3|0,0|0|0|0|0|0|0|0|0,0|0|0|0|0|0|0|0|0,0|0|0|0|0|0|0|0|0,272,272,0.0,0.0,0.0,0.0,0,False,False
2652,ACTIVE,4,0,0,0,0,2,7,22.22222222222222,8,1,0,383,128,0,4,4,0,0,0,0|0|0|0|0|0|1|3|0,0|0|0|0|0|0|1|3|0,0|0|0|0|0|0|0|0|0,0|0|0|0|0|0|0|0|0,0|0|0|0|0|0|0|0|0,272,272,0.0,0.0,0.0,0.0,0,False,False
2708,ACTIVE,4,0,0,0,0,2,7,22.22222222222222,8,1,0,383,128,0,4,4,0,0,0,0|0|0|0|0|0|1|3|0,0|0|0|0|0|0|1|3|0,0|0|0|0|0|0|0|0|0,0|0|0|0|0|0|0|0|0,0|0|0|0|0|0|0|0|0,273,273,0.0,0.0,0.0,0.0,0,False,False
2714,ACTIVE,4,0,0,0,0,2,7,22.22222222222222,8,1,0,383,128,0,4,4,0,0,0,0|0|0|0|0|0|1|3|0,0|0|0|0|0|0|1|3|0,0|0|0|0|0|0|0|0|0,0|0|0|0|0|0|0|0|0,0|0|0|0|0|0|0|0|0,273,273,0.0,0.0,0.0,0.0,0,False,False
2716,ACTIVE,4,0,0,0,0,2,7,22.22222222222222,8,1,0,383,128,0,4,4,0,0,0,0|0|0|0|0|0|1|3|0,0|0|0|0|0|0|1|3|0,0|0|0|0|0|0|0|0|0,0|0|0|0|0|0|0|0|0,0|0|0|0|0|0|0|0|0,273,273,0.0,0.0,0.0,0.0,0,False,False
2719,ACTIVE,4,0,0,0,0,2,7,22.22222222222222,8,1,0,383,128,0,4,4,0,0,0,0|0|0|0|0|0|1|3|0,0|0|0|0|0|0|1|3|0,0|0|0|0|0|0|0|0|0,0|0|0|0|0|0|0|0|0,0|0|0|0|0|0|0|0|0,273,273,0.0,0.0,0.0,0.0,0,False,False
2753,ACTIVE,4,0,0,2,2,4,5,44.44444444444444,8,1,0,383,128,0,6,6,0,0,0,0|0|0|0|0|1|1|3|1,0|0|0|0|0|1|1|3|1,0|0|0|0|0|0|0|0|0,0|0|0|0|0|0|0|0|0,0|0|0|0|0|0|0|0|0,274,316,0.933470755815506,0.1441938728094101,0.996452271938324,0.08768231049180031,2,False,False
2756,ACTIVE,4,0,0,0,0,2,7,22.22222222222222,8,1,0,383,128,0,4,4,0,0,0,0|0|0|0|0|0|1|3|0,0|0|0|0|0|0|1|3|0,0|0|0|0|0|0|0|0|0,0|0|0|0|0|0|0|0|0,0|0|0|0|0|0|0|0|0,274,274,0.0,0.0,0.0,0.0,0,False,False
2758,ACTIVE,4,0,0,1,1,3,6,33.333333333333336,8,1,0,383,128,0,5,5,0,0,0,0|0|0|1|0|0|1|3|0,0|0|0|1|0|0|1|3|0,0|0|0|0|0|0|0|0|0,0|0|0|0|0|0|0|0|0,0|0|0|0|0|0|0|0|0,274,275,0.9905531406402588,0.15524449944496155,0.997721791267395,0.09457185119390488,1,False,False
2813,ACTIVE,4,0,0,0,0,2,7,22.22222222222222,8,1,0,383,128,0,4,4,0,0,0,0|0|0|0|0|0|1|3|0,0|0|0|0|0|0|1|3|0,0|0|0|0|0|0|0|0|0,0|0|0|0|0|0|0|0|0,0|0|0|0|0|0|0|0|0,275,275,0.0,0.0,0.0,0.0,0,False,False
2853,ACTIVE,4,0,0,0,0,2,7,22.22222222222222,8,1,0,383,128,0,4,4,0,0,0,0|0|0|0|0|0|1|3|0,0|0|0|0|0|0|1|3|0,0|0|0|0|0|0|0|0|0,0|0|0|0|0|0|0|0|0,0|0|0|0|0|0|0|0|0,276,276,0.0,0.0,0.0,0.0,0,False,False
2855,ACTIVE,4,0,0,0,0,2,7,22.22222222222222,8,1,0,383,128,0,4,4,0,0,0,0|0|0|0|0|0|1|3|0,0|0|0|0|0|0|1|3|0,0|0|0|0|0|0|0|0|0,0|0|0|0|0|0|0|0|0,0|0|0|0|0|0|0|0|0,276,276,0.0,0.0,0.0,0.0,0,False,False
2894,ACTIVE,4,0,0,0,0,2,7,22.22222222222222,8,1,0,383,128,0,4,4,0,0,0,0|0|0|0|0|0|1|3|0,0|0|0|0|0|0|1|3|0,0|0|0|0|0|0|0|0|0,0|0|0|0|0|0|0|0|0,0|0|0|0|0|0|0|0|0,277,277,0.0,0.0,0.0,0.0,0,False,False
2896,ACTIVE,4,0,0,0,0,2,7,22.22222222222222,8,1,0,383,128,0,4,4,0,0,0,0|0|0|0|0|0|1|3|0,0|0|0|0|0|0|1|3|0,0|0|0|0|0|0|0|0|0,0|0|0|0|0|0|0|0|0,0|0|0|0|0|0|0|0|0,277,277,0.0,0.0,0.0,0.0,0,False,False
2898,ACTIVE,4,0,0,0,0,2,7,22.22222222222222,8,1,0,383,128,0,4,4,0,0,0,0|0|0|0|0|0|1|3|0,0|0|0|0|0|0|1|3|0,0|0|0|0|0|0|0|0|0,0|0|0|0|0|0|0|0|0,0|0|0|0|0|0|0|0|0,277,277,0.0,0.0,0.0,0.0,0,False,False
2900,ACTIVE,4,0,0,0,0,2,7,22.22222222222222,8,1,0,383,128,0,4,4,0,0,0,0|0|0|0|0|0|1|3|0,0|0|0|0|0|0|1|3|0,0|0|0|0|0|0|0|0|0,0|0|0|0|0|0|0|0|0,0|0|0|0|0|0|0|0|0,277,277,0.0,0.0,0.0,0.0,0,False,False
2902,ACTIVE,4,0,0,0,0,2,7,22.22222222222222,8,1,0,383,128,0,4,4,0,0,0,0|0|0|0|0|0|1|3|0,0|0|0|0|0|0|1|3|0,0|0|0|0|0|0|0|0|0,0|0|0|0|0|0|0|0|0,0|0|0|0|0|0|0|0|0,277,277,0.0,0.0,0.0,0.0,0,False,False
2934,ACTIVE,4,0,0,1,1,3,6,33.333333333333336,8,1,0,383,128,0,5,5,0,0,0,0|0|0|1|0|0|1|3|0,0|0|0|1|0|0|1|3|0,0|0|0|0|0|0|0|0|0,0|0|0|0|0|0|0|0|0,0|0|0|0|0|0|0|0|0,278,280,0.9988599419593811,0.06194539740681648,0.9988009929656982,0.05112112686038017,1,False,False
2936,ACTIVE,4,0,0,0,0,2,7,22.22222222222222,8,1,0,383,128,0,4,4,0,0,0,0|0|0|0|0|0|1|3|0,0|0|0|0|0|0|1|3|0,0|0|0|0|0|0|0|0|0,0|0|0|0|0|0|0|0|0,0|0|0|0|0|0|0|0|0,278,278,0.0,0.0,0.0,0.0,0,False,False
2940,ACTIVE,4,0,0,0,0,2,7,22.22222222222222,8,1,0,383,128,0,4,4,0,0,0,0|0|0|0|0|0|1|3|0,0|0|0|0|0|0|1|3|0,0|0|0|0|0|0|0|0|0,0|0|0|0|0|0|0|0|0,0|0|0|0|0|0|0|0|0,278,278,0.0,0.0,0.0,0.0,0,False,False
2963,ACTIVE,4,0,0,2,2,4,5,44.44444444444444,8,1,0,383,128,0,6,6,0,0,0,0|0|0|1|0|0|1|3|1,0|0|0|1|0|0|1|3|1,0|0|0|0|0|0|0|0|0,0|0|0|0|0|0|0|0|0,0|0|0|0|0|0|0|0|0,279,374,0.9866677820682526,0.15280722081661224,0.9971654415130615,0.07093075476586819,2,False,False
2931,ACTIVE,4,0,0,2,2,4,5,44.44444444444444,8,1,0,383,128,0,6,6,0,0,0,0|0|0|0|0|1|1|3|1,0|0|0|0|0|1|1|3|1,0|0|0|0|0|0|0|0|0,0|0|0|0|0|0|0|0|0,0|0|0|0|0|0|0|0|0,279,366,0.9863747358322144,0.17297618836164474,0.9985047578811646,0.047068970277905464,2,False,False
2967,ACTIVE,4,0,0,0,0,2,7,22.22222222222222,8,1,0,383,128,0,4,4,0,0,0,0|0|0|0|0|0|1|3|0,0|0|0|0|0|0|1|3|0,0|0|0|0|0|0|0|0|0,0|0|0|0|0|0|0|0|0,0|0|0|0|0|0|0|0|0,279,279,0.0,0.0,0.0,0.0,0,False,False
2969,ACTIVE,4,0,0,1,1,3,6,33.333333333333336,8,1,0,383,128,0,5,5,0,0,0,0|0|0|0|0|0|1|3|1,0|0|0|0|0|0|1|3|1,0|0|0|0|0|0|0|0|0,0|0|0|0|0|0|0|0|0,0|0|0|0|0|0|0|0|0,279,333,0.9743213057518005,0.21773125231266022,0.9989088177680969,0.04624709486961365,1,False,False
2972,ACTIVE,4,0,0,0,0,2,7,22.22222222222222,8,1,0,383,128,0,4,4,0,0,0,0|0|0|0|0|0|1|3|0,0|0|0|0|0|0|1|3|0,0|0|0|0|0|0|0|0|0,0|0|0|0|0|0|0|0|0,0|0|0|0|0|0|0|0|0,279,279,0.0,0.0,0.0,0.0,0,False,False
3015,ACTIVE,4,0,0,0,0,2,7,22.22222222222222,8,1,0,383,128,0,4,4,0,0,0,0|0|0|0|0|0|1|3|0,0|0|0|0|0|0|1|3|0,0|0|0|0|0|0|0|0|0,0|0|0|0|0|0|0|0|0,0|0|0|0|0|0|0|0|0,280,280,0.0,0.0,0.0,0.0,0,False,False
3019,ACTIVE,4,0,0,0,0,2,7,22.22222222222222,8,1,0,383,128,0,4,4,0,0,0,0|0|0|0|0|0|1|3|0,0|0|0|0|0|0|1|3|0,0|0|0|0|0|0|0|0|0,0|0|0|0|0|0|0|0|0,0|0|0|0|0|0|0|0|0,280,280,0.0,0.0,0.0,0.0,0,False,False
3023,ACTIVE,4,0,0,0,0,2,7,22.22222222222222,8,1,0,383,128,0,4,4,0,0,0,0|0|0|0|0|0|1|3|0,0|0|0|0|0|0|1|3|0,0|0|0|0|0|0|0|0|0,0|0|0|0|0|0|0|0|0,0|0|0|0|0|0|0|0|0,280,280,0.0,0.0,0.0,0.0,0,False,False
3025,ACTIVE,4,0,0,0,0,2,7,22.22222222222222,8,1,0,383,128,0,4,4,0,0,0,0|0|0|0|0|0|1|3|0,0|0|0|0|0|0|1|3|0,0|0|0|0|0|0|0|0|0,0|0|0|0|0|0|0|0|0,0|0|0|0|0|0|0|0|0,280,280,0.0,0.0,0.0,0.0,0,False,False
3053,ACTIVE,4,0,0,0,0,2,7,22.22222222222222,8,1,0,383,128,0,4,4,0,0,0,0|0|0|0|0|0|1|3|0,0|0|0|0|0|0|1|3|0,0|0|0|0|0|0|0|0|0,0|0|0|0|0|0|0|0|0,0|0|0|0|0|0|0|0|0,281,281,0.0,0.0,0.0,0.0,0,False,False
3055,ACTIVE,4,0,0,0,0,2,7,22.22222222222222,8,1,0,383,128,0,4,4,0,0,0,0|0|0|0|0|0|1|3|0,0|0|0|0|0|0|1|3|0,0|0|0|0|0|0|0|0|0,0|0|0|0|0|0|0|0|0,0|0|0|0|0|0|0|0|0,281,281,0.0,0.0,0.0,0.0,0,False,False
3077,ACTIVE,4,0,0,1,1,3,6,33.333333333333336,8,1,0,383,128,0,5,5,0,0,0,0|0|0|1|0|0|1|3|0,0|0|0|1|0|0|1|3|0,0|0|0|0|0|0|0|0|0,0|0|0|0|0|0|0|0|0,0|0|0|0|0|0|0|0|0,282,287,0.9999185800552368,0.00839438196271658,0.9991679191589355,0.046707283705472946,1,False,False
3081,ACTIVE,4,0,0,0,0,2,7,22.22222222222222,8,1,0,383,128,0,4,4,0,0,0,0|0|0|0|0|0|1|3|0,0|0|0|0|0|0|1|3|0,0|0|0|0|0|0|0|0|0,0|0|0|0|0|0|0|0|0,0|0|0|0|0|0|0|0|0,282,282,0.0,0.0,0.0,0.0,0,False,False
3083,ACTIVE,4,0,0,0,0,2,7,22.22222222222222,8,1,0,383,128,0,4,4,0,0,0,0|0|0|0|0|0|1|3|0,0|0|0|0|0|0|1|3|0,0|0|0|0|0|0|0|0|0,0|0|0|0|0|0|0|0|0,0|0|0|0|0|0|0|0|0,282,282,0.0,0.0,0.0,0.0,0,False,False
3087,ACTIVE,4,0,0,0,0,2,7,22.22222222222222,8,1,0,383,128,0,4,4,0,0,0,0|0|0|0|0|0|1|3|0,0|0|0|0|0|0|1|3|0,0|0|0|0|0|0|0|0|0,0|0|0|0|0|0|0|0|0,0|0|0|0|0|0|0|0|0,282,282,0.0,0.0,0.0,0.0,0,False,False
3089,ACTIVE,4,0,0,0,0,2,7,22.22222222222222,8,1,0,383,128,0,4,4,0,0,0,0|0|0|0|0|0|1|3|0,0|0|0|0|0|0|1|3|0,0|0|0|0|0|0|0|0|0,0|0|0|0|0|0|0|0|0,0|0|0|0|0|0|0|0|0,282,282,0.0,0.0,0.0,0.0,0,False,False
3128,ACTIVE,4,0,0,0,0,2,7,22.22222222222222,8,1,0,383,128,0,4,4,0,0,0,0|0|0|0|0|0|1|3|0,0|0|0|0|0|0|1|3|0,0|0|0|0|0|0|0|0|0,0|0|0|0|0|0|0|0|0,0|0|0|0|0|0|0|0|0,283,283,0.0,0.0,0.0,0.0,0,False,False
3133,ACTIVE,4,0,0,0,0,2,7,22.22222222222222,8,1,0,383,128,0,4,4,0,0,0,0|0|0|0|0|0|1|3|0,0|0|0|0|0|0|1|3|0,0|0|0|0|0|0|0|0|0,0|0|0|0|0|0|0|0|0,0|0|0|0|0|0|0|0|0,283,283,0.0,0.0,0.0,0.0,0,False,False
3135,ACTIVE,4,0,0,0,0,2,7,22.22222222222222,8,1,0,383,128,0,4,4,0,0,0,0|0|0|0|0|0|1|3|0,0|0|0|0|0|0|1|3|0,0|0|0|0|0|0|0|0|0,0|0|0|0|0|0|0|0|0,0|0|0|0|0|0|0|0|0,283,283,0.0,0.0,0.0,0.0,0,False,False
3139,ACTIVE,4,0,0,0,0,2,7,22.22222222222222,8,1,0,383,128,0,4,4,0,0,0,0|0|0|0|0|0|1|3|0,0|0|0|0|0|0|1|3|0,0|0|0|0|0|0|0|0|0,0|0|0|0|0|0|0|0|0,0|0|0|0|0|0|0|0|0,283,283,0.0,0.0,0.0,0.0,0,False,False
3176,ACTIVE,4,0,0,0,0,2,7,22.22222222222222,8,1,0,383,128,0,4,4,0,0,0,0|0|0|0|0|0|1|3|0,0|0|0|0|0|0|1|3|0,0|0|0|0|0|0|0|0|0,0|0|0|0|0|0|0|0|0,0|0|0|0|0|0|0|0|0,284,284,0.0,0.0,0.0,0.0,0,False,False
3179,ACTIVE,4,0,0,0,0,2,7,22.22222222222222,8,1,0,383,128,0,4,4,0,0,0,0|0|0|0|0|0|1|3|0,0|0|0|0|0|0|1|3|0,0|0|0|0|0|0|0|0|0,0|0|0|0|0|0|0|0|0,0|0|0|0|0|0|0|0|0,284,284,0.0,0.0,0.0,0.0,0,False,False
3231,ACTIVE,4,0,0,0,0,2,7,22.22222222222222,8,1,0,383,128,0,4,4,0,0,0,0|0|0|0|0|0|1|3|0,0|0|0|0|0|0|1|3|0,0|0|0|0|0|0|0|0|0,0|0|0|0|0|0|0|0|0,0|0|0|0|0|0|0|0|0,285,285,0.0,0.0,0.0,0.0,0,False,False
3233,ACTIVE,4,0,0,0,0,2,7,22.22222222222222,8,1,0,383,128,0,4,4,0,0,0,0|0|0|0|0|0|1|3|0,0|0|0|0|0|0|1|3|0,0|0|0|0|0|0|0|0|0,0|0|0|0|0|0|0|0|0,0|0|0|0|0|0|0|0|0,285,285,0.0,0.0,0.0,0.0,0,False,False
3293,ACTIVE,4,0,0,0,0,2,7,22.22222222222222,8,1,0,383,128,0,4,4,0,0,0,0|0|0|0|0|0|1|3|0,0|0|0|0|0|0|1|3|0,0|0|0|0|0|0|0|0|0,0|0|0|0|0|0|0|0|0,0|0|0|0|0|0|0|0|0,286,286,0.0,0.0,0.0,0.0,0,False,False
3295,ACTIVE,4,0,0,0,0,2,7,22.22222222222222,8,1,0,383,128,0,4,4,0,0,0,0|0|0|0|0|0|1|3|0,0|0|0|0|0|0|1|3|0,0|0|0|0|0|0|0|0|0,0|0|0|0|0|0|0|0|0,0|0|0|0|0|0|0|0|0,286,286,0.0,0.0,0.0,0.0,0,False,False
3297,ACTIVE,4,0,0,0,0,2,7,22.22222222222222,8,1,0,383,128,0,4,4,0,0,0,0|0|0|0|0|0|1|3|0,0|0|0|0|0|0|1|3|0,0|0|0|0|0|0|0|0|0,0|0|0|0|0|0|0|0|0,0|0|0|0|0|0|0|0|0,286,286,0.0,0.0,0.0,0.0,0,False,False
3323,ACTIVE,4,0,0,1,1,3,6,33.333333333333336,8,1,0,383,128,0,5,5,0,0,0,0|0|0|0|0|0|1|3|1,0|0|0|0|0|0|1|3|1,0|0|0|0|0|0|0|0|0,0|0|0|0|0|0|0|0|0,0|0|0|0|0|0|0|0|0,287,385,0.9997934699058533,0.01714964024722576,0.9978835582733154,0.06821475923061371,1,False,False
3326,ACTIVE,4,0,0,2,2,4,5,44.44444444444444,8,1,0,383,128,0,6,6,0,0,0,0|0|0|0|0|1|1|3|1,0|0|0|0|0|1|1|3|1,0|0|0|0|0|0|0|0|0,0|0|0|0|0|0|0|0|0,0|0|0|0|0|0|0|0|0,287,333,0.9882299900054932,0.13776983693242073,0.9985939264297485,0.04895901307463646,2,False,False
3328,ACTIVE,4,0,0,0,0,2,7,22.22222222222222,8,1,0,383,128,0,4,4,0,0,0,0|0|0|0|0|0|1|3|0,0|0|0|0|0|0|1|3|0,0|0|0|0|0|0|0|0|0,0|0|0|0|0|0|0|0|0,0|0|0|0|0|0|0|0|0,287,287,0.0,0.0,0.0,0.0,0,False,False
3331,ACTIVE,4,0,0,0,0,2,7,22.22222222222222,8,1,0,383,128,0,4,4,0,0,0,0|0|0|0|0|0|1|3|0,0|0|0|0|0|0|1|3|0,0|0|0|0|0|0|0|0|0,0|0|0|0|0|0|0|0|0,0|0|0|0|0|0|0|0|0,287,287,0.0,0.0,0.0,0.0,0,False,False
3334,ACTIVE,4,0,0,0,0,2,7,22.22222222222222,8,1,0,383,128,0,4,4,0,0,0,0|0|0|0|0|0|1|3|0,0|0|0|0|0|0|1|3|0,0|0|0|0|0|0|0|0|0,0|0|0|0|0|0|0|0|0,0|0|0|0|0|0|0|0|0,287,287,0.0,0.0,0.0,0.0,0,False,False
3405,ACTIVE,4,0,0,0,0,2,7,22.22222222222222,8,1,0,383,128,0,4,4,0,0,0,0|0|0|0|0|0|1|3|0,0|0|0|0|0|0|1|3|0,0|0|0|0|0|0|0|0|0,0|0|0|0|0|0|0|0|0,0|0|0|0|0|0|0|0|0,288,288,0.0,0.0,0.0,0.0,0,False,False
3407,ACTIVE,4,0,0,0,0,2,7,22.22222222222222,8,1,0,383,128,0,4,4,0,0,0,0|0|0|0|0|0|1|3|0,0|0|0|0|0|0|1|3|0,0|0|0|0|0|0|0|0|0,0|0|0|0|0|0|0|0|0,0|0|0|0|0|0|0|0|0,288,288,0.0,0.0,0.0,0.0,0,False,False
3409,ACTIVE,4,0,0,0,0,2,7,22.22222222222222,8,1,0,383,128,0,4,4,0,0,0,0|0|0|0|0|0|1|3|0,0|0|0|0|0|0|1|3|0,0|0|0|0|0|0|0|0|0,0|0|0|0|0|0|0|0|0,0|0|0|0|0|0|0|0|0,288,288,0.0,0.0,0.0,0.0,0,False,False
3411,ACTIVE,4,0,0,0,0,2,7,22.22222222222222,8,1,0,383,128,0,4,4,0,0,0,0|0|0|0|0|0|1|3|0,0|0|0|0|0|0|1|3|0,0|0|0|0|0|0|0|0|0,0|0|0|0|0|0|0|0|0,0|0|0|0|0|0|0|0|0,288,288,0.0,0.0,0.0,0.0,0,False,False
3413,ACTIVE,4,0,0,0,0,2,7,22.22222222222222,8,1,0,383,128,0,4,4,0,0,0,0|0|0|0|0|0|1|3|0,0|0|0|0|0|0|1|3|0,0|0|0|0|0|0|0|0|0,0|0|0|0|0|0|0|0|0,0|0|0|0|0|0|0|0|0,288,288,0.0,0.0,0.0,0.0,0,False,False
3441,ACTIVE,4,0,0,0,0,2,7,22.22222222222222,8,1,0,383,128,0,4,4,0,0,0,0|0|0|0|0|0|1|3|0,0|0|0|0|0|0|1|3|0,0|0|0|0|0|0|0|0|0,0|0|0|0|0|0|0|0|0,0|0|0|0|0|0|0|0|0,289,289,0.0,0.0,0.0,0.0,0,False,False
3443,ACTIVE,4,0,0,6,6,8,1,88.88888888888889,8,1,0,383,128,0,10,10,0,0,0,0|1|1|1|1|1|1|3|1,0|1|1|1|1|1|1|3|1,0|0|0|0|0|0|0|0|0,0|0|0|0|0|0|0|0|0,0|0|0|0|0|0|0|0|0,289,374,0.9983732501665751,0.12840380892157555,0.9977233310540518,0.05485867569223046,6,False,False
3446,ACTIVE,4,0,0,0,0,2,7,22.22222222222222,8,1,0,383,128,0,4,4,0,0,0,0|0|0|0|0|0|1|3|0,0|0|0|0|0|0|1|3|0,0|0|0|0|0|0|0|0|0,0|0|0|0|0|0|0|0|0,0|0|0|0|0|0|0|0|0,289,289,0.0,0.0,0.0,0.0,0,False,False
3449,ACTIVE,4,0,0,0,0,2,7,22.22222222222222,8,1,0,383,128,0,4,4,0,0,0,0|0|0|0|0|0|1|3|0,0|0|0|0|0|0|1|3|0,0|0|0|0|0|0|0|0|0,0|0|0|0|0|0|0|0|0,0|0|0|0|0|0|0|0|0,289,289,0.0,0.0,0.0,0.0,0,False,False
3451,ACTIVE,4,0,0,0,0,2,7,22.22222222222222,8,1,0,383,128,0,4,4,0,0,0,0|0|0|0|0|0|1|3|0,0|0|0|0|0|0|1|3|0,0|0|0|0|0|0|0|0|0,0|0|0|0|0|0|0|0|0,0|0|0|0|0|0|0|0|0,289,289,0.0,0.0,0.0,0.0,0,False,False
3454,ACTIVE,4,0,0,0,0,2,7,22.22222222222222,8,1,0,383,128,0,4,4,0,0,0,0|0|0|0|0|0|1|3|0,0|0|0|0|0|0|1|3|0,0|0|0|0|0|0|0|0|0,0|0|0|0|0|0|0|0|0,0|0|0|0|0|0|0|0|0,289,289,0.0,0.0,0.0,0.0,0,False,False
3457,ACTIVE,4,0,0,0,0,2,7,22.22222222222222,8,1,0,383,128,0,4,4,0,0,0,0|0|0|0|0|0|1|3|0,0|0|0|0|0|0|1|3|0,0|0|0|0|0|0|0|0|0,0|0|0|0|0|0|0|0|0,0|0|0|0|0|0|0|0|0,289,289,0.0,0.0,0.0,0.0,0,False,False
3490,ACTIVE,4,0,0,4,4,6,3,66.66666666666667,8,1,0,383,128,0,8,8,0,0,0,0|0|0|1|1|1|1|3|1,0|0|0|1|1|1|1|3|1,0|0|0|0|0|0|0|0|0,0|0|0|0|0|0|0|0|0,0|0|0|0|0|0|0|0|0,290,383,0.9661486446857452,0.09126479085534811,0.9976154118776321,0.06013071909546852,4,False,False
3499,ACTIVE,4,0,0,0,0,2,7,22.22222222222222,8,1,0,383,128,0,4,4,0,0,0,0|0|0|0|0|0|1|3|0,0|0|0|0|0|0|1|3|0,0|0|0|0|0|0|0|0|0,0|0|0|0|0|0|0|0|0,0|0|0|0|0|0|0|0|0,290,290,0.0,0.0,0.0,0.0,0,False,False
3502,ACTIVE,4,0,0,3,3,5,4,55.55555555555556,8,1,0,383,128,0,7,7,0,0,0,0|1|0|1|0|0|1|3|1,0|1|0|1|0|0|1|3|1,0|0|0|0|0|0|0|0|0,0|0|0|0|0|0|0|0|0,0|0|0|0|0|0|0|0|0,290,319,0.9999917149543762,0.1636667624115944,0.9984467426935831,0.07940563062826793,3,False,False
3504,ACTIVE,4,0,0,0,0,2,7,22.22222222222222,8,1,0,383,128,0,4,4,0,0,0,0|0|0|0|0|0|1|3|0,0|0|0|0|0|0|1|3|0,0|0|0|0|0|0|0|0|0,0|0|0|0|0|0|0|0|0,0|0|0|0|0|0|0|0|0,290,290,0.0,0.0,0.0,0.0,0,False,False
3506,ACTIVE,4,0,0,0,0,2,7,22.22222222222222,8,1,0,383,128,0,4,4,0,0,0,0|0|0|0|0|0|1|3|0,0|0|0|0|0|0|1|3|0,0|0|0|0|0|0|0|0|0,0|0|0|0|0|0|0|0|0,0|0|0|0|0|0|0|0|0,290,290,0.0,0.0,0.0,0.0,0,False,False
3508,ACTIVE,4,0,0,0,0,2,7,22.22222222222222,8,1,0,383,128,0,4,4,0,0,0,0|0|0|0|0|0|1|3|0,0|0|0|0|0|0|1|3|0,0|0|0|0|0|0|0|0|0,0|0|0|0|0|0|0|0|0,0|0|0|0|0|0|0|0|0,290,290,0.0,0.0,0.0,0.0,0,False,False
3546,ACTIVE,4,0,0,5,5,7,2,77.77777777777777,8,1,0,383,128,0,9,9,0,0,0,0|0|1|1|1|1|1|3|1,0|0|1|1|1|1|1|3|1,0|0|0|0|0|0|0|0|0,0|0|0|0|0|0|0|0|0,0|0|0|0|0|0|0|0|0,291,382,0.9600580334663391,0.11377338469028472,0.9988643288612366,0.07194924131035804,5,False,False
3548,ACTIVE,4,0,0,4,4,6,3,66.66666666666667,8,1,0,383,128,0,8,8,0,0,0,0|0|1|1|0|1|1|3|1,0|0|1|1|0|1|1|3|1,0|0|0|0|0|0|0|0|0,0|0|0|0|0|0|0|0|0,0|0|0|0|0|0|0|0|0,291,322,0.946733221411705,0.1316309031099081,0.9993261694908142,0.07004127092659473,4,False,False
3550,ACTIVE,4,0,0,2,2,4,5,44.44444444444444,8,1,0,383,128,0,6,6,0,0,0,0|0|0|0|0|1|1|3|1,0|0|0|0|0|1|1|3|1,0|0|0|0|0|0|0|0|0,0|0|0|0|0|0|0|0|0,0|0|0|0|0|0|0|0|0,291,348,0.9199751615524292,0.1637195199728012,0.9966400563716888,0.0899314396083355,2,False,False
3552,ACTIVE,4,0,0,0,0,2,7,22.22222222222222,8,1,0,383,128,0,4,4,0,0,0,0|0|0|0|0|0|1|3|0,0|0|0|0|0|0|1|3|0,0|0|0|0|0|0|0|0|0,0|0|0|0|0|0|0|0|0,0|0|0|0|0|0|0|0|0,291,291,0.0,0.0,0.0,0.0,0,False,False
3555,ACTIVE,4,0,0,0,0,2,7,22.22222222222222,8,1,0,383,128,0,4,4,0,0,0,0|0|0|0|0|0|1|3|0,0|0|0|0|0|0|1|3|0,0|0|0|0|0|0|0|0|0,0|0|0|0|0|0|0|0|0,0|0|0|0|0|0|0|0|0,291,291,0.0,0.0,0.0,0.0,0,False,False
3557,ACTIVE,4,0,0,0,0,2,7,22.22222222222222,8,1,0,383,128,0,4,4,0,0,0,0|0|0|0|0|0|1|3|0,0|0|0|0|0|0|1|3|0,0|0|0|0|0|0|0|0|0,0|0|0|0|0|0|0|0|0,0|0|0|0|0|0|0|0|0,291,291,0.0,0.0,0.0,0.0,0,False,False
3574,ACTIVE,4,0,0,3,3,5,4,55.55555555555556,8,1,0,383,128,0,7,7,0,0,0,0|0|1|0|0|1|1|3|1,0|0|1|0|0|1|1|3|1,0|0|0|0|0|0|0|0|0,0|0|0|0|0|0|0|0|0,0|0|0|0|0|0|0|0|0,292,313,0.9833659927050272,0.11408590028683345,0.9985507925351461,0.059722900390625,3,False,False
3578,ACTIVE,4,1,1,2,2,4,5,44.44444444444444,8,1,0,383,128,0,7,7,0,0,0,0|0|0|0|0|1|1|4|1,0|0|0|0|0|1|1|4|1,0|0|0|0|0|0|0|0|0,0|0|0|0|0|0|0|0|0,0|0|0|0|0|0|0|0|0,292,384,0.9826810657978058,0.12964707985520363,0.998330146074295,0.06944108381867409,3,False,False
3581,ACTIVE,4,0,0,0,0,2,7,22.22222222222222,8,1,0,383,128,0,4,4,0,0,0,0|0|0|0|0|0|1|3|0,0|0|0|0|0|0|1|3|0,0|0|0|0|0|0|0|0|0,0|0|0|0|0|0|0|0|0,0|0|0|0|0|0|0|0|0,292,292,0.0,0.0,0.0,0.0,0,False,False
3584,ACTIVE,4,0,0,0,0,2,7,22.22222222222222,8,1,0,383,128,0,4,4,0,0,0,0|0|0|0|0|0|1|3|0,0|0|0|0|0|0|1|3|0,0|0|0|0|0|0|0|0|0,0|0|0|0|0|0|0|0|0,0|0|0|0|0|0|0|0|0,292,292,0.0,0.0,0.0,0.0,0,False,False
3623,ACTIVE,4,0,0,1,1,3,6,33.333333333333336,8,1,0,383,128,0,5,5,0,0,0,0|0|0|0|0|0|1|3|1,0|0|0|0|0|0|1|3|1,0|0|0|0|0|0|0|0|0,0|0|0|0|0|0|0|0|0,0|0|0|0|0|0|0|0|0,293,323,0.9762902855873108,0.09707114100456238,0.9988213777542114,0.08567162603139877,1,False,False
3625,ACTIVE,4,0,0,0,0,2,7,22.22222222222222,8,1,0,383,128,0,4,4,0,0,0,0|0|0|0|0|0|1|3|0,0|0|0|0|0|0|1|3|0,0|0|0|0|0|0|0|0|0,0|0|0|0|0|0|0|0|0,0|0|0|0|0|0|0|0|0,293,293,0.0,0.0,0.0,0.0,0,False,False
3630,ACTIVE,4,0,0,0,0,2,7,22.22222222222222,8,1,0,383,128,0,4,4,0,0,0,0|0|0|0|0|0|1|3|0,0|0|0|0|0|0|1|3|0,0|0|0|0|0|0|0|0|0,0|0|0|0|0|0|0|0|0,0|0|0|0|0|0|0|0|0,293,293,0.0,0.0,0.0,0.0,0,False,False
3670,ACTIVE,4,0,0,0,0,2,7,22.22222222222222,8,1,0,383,128,0,4,4,0,0,0,0|0|0|0|0|0|1|3|0,0|0|0|0|0|0|1|3|0,0|0|0|0|0|0|0|0|0,0|0|0|0|0|0|0|0|0,0|0|0|0|0|0|0|0|0,294,294,0.0,0.0,0.0,0.0,0,False,False
3673,ACTIVE,4,0,0,0,0,2,7,22.22222222222222,8,1,0,383,128,0,4,4,0,0,0,0|0|0|0|0|0|1|3|0,0|0|0|0|0|0|1|3|0,0|0|0|0|0|0|0|0|0,0|0|0|0|0|0|0|0|0,0|0|0|0|0|0|0|0|0,294,294,0.0,0.0,0.0,0.0,0,False,False
3676,ACTIVE,4,0,0,0,0,2,7,22.22222222222222,8,1,0,383,128,0,4,4,0,0,0,0|0|0|0|0|0|1|3|0,0|0|0|0|0|0|1|3|0,0|0|0|0|0|0|0|0|0,0|0|0|0|0|0|0|0|0,0|0|0|0|0|0|0|0|0,294,294,0.0,0.0,0.0,0.0,0,False,False
3678,ACTIVE,4,0,0,0,0,2,7,22.22222222222222,8,1,0,383,128,0,4,4,0,0,0,0|0|0|0|0|0|1|3|0,0|0|0|0|0|0|1|3|0,0|0|0|0|0|0|0|0|0,0|0|0|0|0|0|0|0|0,0|0|0|0|0|0|0|0|0,294,294,0.0,0.0,0.0,0.0,0,False,False
3705,ACTIVE,4,0,0,3,3,5,4,55.55555555555556,8,1,0,383,128,0,7,7,0,0,0,0|0|0|1|0|1|1|3|1,0|0|0|1|0|1|1|3|1,0|0|0|0|0|0|0|0|0,0|0|0|0|0|0|0|0|0,0|0|0|0|0|0|0|0|0,295,367,0.9953092734018961,0.038225642095009484,0.9995274543762207,0.04440018845101198,3,False,False
3708,ACTIVE,4,0,0,0,0,2,7,22.22222222222222,8,1,0,383,128,0,4,4,0,0,0,0|0|0|0|0|0|1|3|0,0|0|0|0|0|0|1|3|0,0|0|0|0|0|0|0|0|0,0|0|0|0|0|0|0|0|0,0|0|0|0|0|0|0|0|0,295,295,0.0,0.0,0.0,0.0,0,False,False
3710,ACTIVE,4,0,0,0,0,2,7,22.22222222222222,8,1,0,383,128,0,4,4,0,0,0,0|0|0|0|0|0|1|3|0,0|0|0|0|0|0|1|3|0,0|0|0|0|0|0|0|0|0,0|0|0|0|0|0|0|0|0,0|0|0|0|0|0|0|0|0,295,295,0.0,0.0,0.0,0.0,0,False,False
3712,ACTIVE,4,0,0,0,0,2,7,22.22222222222222,8,1,0,383,128,0,4,4,0,0,0,0|0|0|0|0|0|1|3|0,0|0|0|0|0|0|1|3|0,0|0|0|0|0|0|0|0|0,0|0|0|0|0|0|0|0|0,0|0|0|0|0|0|0|0|0,295,295,0.0,0.0,0.0,0.0,0,False,False
3760,ACTIVE,4,4,1,5,5,8,1,88.88888888888889,8,1,0,383,128,0,13,13,0,0,0,0|1|1|1|1|1|1|6|1,0|1|1|1|1|1|1|6|1,0|0|0|0|0|0|0|0|0,0|0|0|0|0|0|0|0|0,0|0|0|0|0|0|0|0|0,296,326,0.9999942660331727,0.1351320132613182,0.9985672354698181,0.06138575207442045,6,False,False
3764,ACTIVE,4,0,0,0,0,2,7,22.22222222222222,8,1,0,383,128,0,4,4,0,0,0,0|0|0|0|0|0|1|3|0,0|0|0|0|0|0|1|3|0,0|0|0|0|0|0|0|0|0,0|0|0|0|0|0|0|0|0,0|0|0|0|0|0|0|0|0,296,296,0.0,0.0,0.0,0.0,0,False,False
3766,ACTIVE,4,0,0,0,0,2,7,22.22222222222222,8,1,0,383,128,0,4,4,0,0,0,0|0|0|0|0|0|1|3|0,0|0|0|0|0|0|1|3|0,0|0|0|0|0|0|0|0|0,0|0|0|0|0|0|0|0|0,0|0|0|0|0|0|0|0|0,296,296,0.0,0.0,0.0,0.0,0,False,False
3768,ACTIVE,4,0,0,0,0,2,7,22.22222222222222,8,1,0,383,128,0,4,4,0,0,0,0|0|0|0|0|0|1|3|0,0|0|0|0|0|0|1|3|0,0|0|0|0|0|0|0|0|0,0|0|0|0|0|0|0|0|0,0|0|0|0|0|0|0|0|0,296,296,0.0,0.0,0.0,0.0,0,False,False
3799,ACTIVE,4,0,0,0,0,2,7,22.22222222222222,8,1,0,383,128,0,4,4,0,0,0,0|0|0|0|0|0|1|3|0,0|0|0|0|0|0|1|3|0,0|0|0|0|0|0|0|0|0,0|0|0|0|0|0|0|0|0,0|0|0|0|0|0|0|0|0,297,297,0.0,0.0,0.0,0.0,0,False,False
3801,ACTIVE,4,0,0,4,4,6,3,66.66666666666667,8,1,0,383,128,0,8,8,0,0,0,0|0|0|1|1|1|1|3|1,0|0|0|1|1|1|1|3|1,0|0|0|0|0|0|0|0|0,0|0|0|0|0|0|0|0|0,0|0|0|0|0|0|0|0|0,297,320,0.9999961853027344,0.10798747278749943,0.9978827387094498,0.07313189003616571,4,False,False
3803,ACTIVE,4,0,0,3,3,5,4,55.55555555555556,8,1,0,383,128,0,7,7,0,0,0,0|0|0|1|0|1|1|3|1,0|0|0|1|0|1|1|3|1,0|0|0|0|0|0|0|0|0,0|0|0|0|0|0|0|0|0,0|0|0|0|0|0|0|0|0,297,351,0.9999963641166687,0.1081441268324852,0.9987311363220215,0.08315326770146687,3,False,False
3805,ACTIVE,4,0,0,0,0,2,7,22.22222222222222,8,1,0,383,128,0,4,4,0,0,0,0|0|0|0|0|0|1|3|0,0|0|0|0|0|0|1|3|0,0|0|0|0|0|0|0|0|0,0|0|0|0|0|0|0|0|0,0|0|0|0|0|0|0|0|0,297,297,0.0,0.0,0.0,0.0,0,False,False
3854,ACTIVE,4,0,0,0,0,2,7,22.22222222222222,8,1,0,383,128,0,4,4,0,0,0,0|0|0|0|0|1|0|3|0,0|0|0|0|0|1|0|3|0,0|0|0|0|0|0|0|0|0,0|0|0|0|0|0|0|0|0,0|0|0|0|0|0|0|0|0,298,298,0.0,0.0,0.0,0.0,0,False,False
3856,ACTIVE,4,0,0,0,0,2,7,22.22222222222222,8,1,0,383,128,0,4,2,0,0,2,0|0|0|0|0|0|1|3|0,0|0|0|0|0|0|0|2|0,0|0|0|0|0|0|0|0|0,0|0|0|0|0|0|0|0|0,0|0|0|0|0|0|1|1|0,298,298,0.0,0.0,0.0,0.0,0,False,False
3865,ACTIVE,4,0,0,1,1,3,6,33.333333333333336,8,1,0,383,128,0,5,5,0,0,0,0|0|0|0|0|1|0|3|1,0|0|0|0|0|1|0|3|1,0|0|0|0|0|0|0|0|0,0|0|0|0|0|0|0|0|0,0|0|0|0|0|0|0|0|0,299,384,0.9983395934104919,0.04408322274684906,0.9994618892669678,0.03705615550279617,1,False,False
3867,ACTIVE,4,0,0,1,1,3,6,33.333333333333336,8,1,0,383,128,0,5,5,0,0,0,0|0|0|0|0|1|0|3|1,0|0|0|0|0|1|0|3|1,0|0|0|0|0|0|0|0|0,0|0|0|0|0|0|0|0|0,0|0|0|0|0|0|0|0|0,299,384,0.9989295601844788,0.043758828192949295,0.9963687658309937,0.07730599492788315,1,False,False
3872,ACTIVE,4,0,0,1,1,3,6,33.333333333333336,8,1,0,383,128,0,5,5,0,0,0,0|0|0|0|0|1|0|3|1,0|0|0|0|0|1|0|3|1,0|0|0|0|0|0|0|0|0,0|0|0|0|0|0|0|0|0,0|0|0|0|0|0|0|0|0,299,384,0.9978140592575073,0.07164791971445084,0.9988526105880737,0.052037011831998825,1,False,False
3875,ACTIVE,4,0,0,0,0,2,7,22.22222222222222,8,1,0,383,128,0,4,4,0,0,0,0|0|0|0|0|0|1|3|0,0|0|0|0|0|0|1|3|0,0|0|0|0|0|0|0|0|0,0|0|0|0|0|0|0|0|0,0|0|0|0|0|0|0|0|0,299,299,0.0,0.0,0.0,0.0,0,False,False
3877,ACTIVE,4,0,0,0,0,2,7,22.22222222222222,8,1,0,383,128,0,4,4,0,0,0,0|0|0|0|0|0|1|3|0,0|0|0|0|0|0|1|3|0,0|0|0|0|0|0|0|0|0,0|0|0|0|0|0|0|0|0,0|0|0|0|0|0|0|0|0,299,299,0.0,0.0,0.0,0.0,0,False,False
3879,ACTIVE,4,0,0,0,0,2,7,22.22222222222222,8,1,0,383,128,0,4,4,0,0,0,0|0|0|0|0|0|1|3|0,0|0|0|0|0|0|1|3|0,0|0|0|0|0|0|0|0|0,0|0|0|0|0|0|0|0|0,0|0|0|0|0|0|0|0|0,299,299,0.0,0.0,0.0,0.0,0,False,False
3883,ACTIVE,4,0,0,0,0,2,7,22.22222222222222,8,1,0,383,128,0,4,4,0,0,0,0|0|0|0|0|0|1|3|0,0|0|0|0|0|0|1|3|0,0|0|0|0|0|0|0|0|0,0|0|0|0|0|0|0|0|0,0|0|0|0|0|0|0|0|0,299,299,0.0,0.0,0.0,0.0,0,False,False
3926,ACTIVE,4,0,0,4,4,6,3,66.66666666666667,8,1,0,383,128,0,8,8,0,0,0,0|0|0|1|1|1|1|3|1,0|0|0|1|1|1|1|3|1,0|0|0|0|0|0|0|0|0,0|0|0|0|0|0|0|0|0,0|0|0|0|0|0|0|0|0,300,330,0.9931125044822693,0.137786615639925,0.9967004656791687,0.0687142601236701,4,False,False
3928,ACTIVE,4,0,0,3,3,5,4,55.55555555555556,7,1,1,375,128,8,7,4,0,1,2,0|0|0|1|0|1|1|3|1,0|0|0|0|0|0|1|3|0,0|0|0|0|0|0|0|0|0,0|0|0|1|0|0|0|0|0,0|0|0|0|0|1|0|0|1,300,330,0.9837852716445923,0.1925943891207377,0.9980148275693258,0.06049325875937939,3,False,False
3930,ACTIVE,4,0,0,0,0,2,7,22.22222222222222,8,1,0,383,128,0,4,4,0,0,0,0|0|0|0|0|0|1|3|0,0|0|0|0|0|0|1|3|0,0|0|0|0|0|0|0|0|0,0|0|0|0|0|0|0|0|0,0|0|0|0|0|0|0|0|0,300,300,0.0,0.0,0.0,0.0,0,False,False
3959,ACTIVE,4,0,0,1,1,3,6,33.333333333333336,8,1,0,383,128,0,5,5,0,0,0,0|0|0|0|0|1|0|3|1,0|0|0|0|0|1|0|3|1,0|0|0|0|0|0|0|0|0,0|0|0|0|0|0|0|0|0,0|0|0|0|0|0|0|0|0,301,366,0.9998517036437988,0.009603015147149563,0.9983907341957092,0.06478134542703629,1,False,False
3968,ACTIVE,4,0,0,0,0,2,7,22.22222222222222,8,1,0,383,128,0,4,4,0,0,0,0|0|0|0|0|1|0|3|0,0|0|0|0|0|1|0|3|0,0|0|0|0|0|0|0|0|0,0|0|0|0|0|0|0|0|0,0|0|0|0|0|0|0|0|0,301,301,0.0,0.0,0.0,0.0,0,False,False
4034,ACTIVE,4,0,0,0,0,2,7,22.22222222222222,8,1,0,383,128,0,4,4,0,0,0,0|0|0|0|0|0|1|3|0,0|0|0|0|0|0|1|3|0,0|0|0|0|0|0|0|0|0,0|0|0|0|0|0|0|0|0,0|0|0|0|0|0|0|0|0,302,302,0.0,0.0,0.0,0.0,0,False,False
4036,ACTIVE,4,0,0,0,0,2,7,22.22222222222222,8,1,0,383,128,0,4,4,0,0,0,0|0|0|0|0|0|1|3|0,0|0|0|0|0|0|1|3|0,0|0|0|0|0|0|0|0|0,0|0|0|0|0|0|0|0|0,0|0|0|0|0|0|0|0|0,302,302,0.0,0.0,0.0,0.0,0,False,False
4038,ACTIVE,4,0,0,1,1,3,6,33.333333333333336,8,1,0,383,128,0,5,5,0,0,0,0|0|0|0|0|0|1|3|1,0|0|0|0|0|0|1|3|1,0|0|0|0|0|0|0|0|0,0|0|0|0|0|0|0|0|0,0|0|0|0|0|0|0|0|0,302,347,0.9997057914733887,0.022642316296696663,0.9993917942047119,0.09318137168884277,1,False,False
4040,ACTIVE,4,0,0,1,1,3,6,33.333333333333336,8,1,0,383,128,0,5,5,0,0,0,0|0|0|0|0|0|1|3|1,0|0|0|0|0|0|1|3|1,0|0|0|0|0|0|0|0|0,0|0|0|0|0|0|0|0|0,0|0|0|0|0|0|0|0|0,302,309,0.9968486428260803,0.07717906683683395,0.9992890954017639,0.09428665041923523,1,False,False
4080,ACTIVE,4,0,0,0,0,2,7,22.22222222222222,8,1,0,383,128,0,4,4,0,0,0,0|0|0|0|0|0|1|3|0,0|0|0|0|0|0|1|3|0,0|0|0|0|0|0|0|0|0,0|0|0|0|0|0|0|0|0,0|0|0|0|0|0|0|0|0,303,303,0.0,0.0,0.0,0.0,0,False,False
4084,ACTIVE,4,0,0,0,0,2,7,22.22222222222222,8,1,0,383,128,0,4,4,0,0,0,0|0|0|0|0|0|1|3|0,0|0|0|0|0|0|1|3|0,0|0|0|0|0|0|0|0|0,0|0|0|0|0|0|0|0|0,0|0|0|0|0|0|0|0|0,303,303,0.0,0.0,0.0,0.0,0,False,False
4140,ACTIVE,4,0,0,0,0,2,7,22.22222222222222,8,1,0,383,128,0,4,4,0,0,0,0|0|0|0|0|0|1|3|0,0|0|0|0|0|0|1|3|0,0|0|0|0|0|0|0|0|0,0|0|0|0|0|0|0|0|0,0|0|0|0|0|0|0|0|0,304,304,0.0,0.0,0.0,0.0,0,False,False
4145,ACTIVE,4,0,0,0,0,2,7,22.22222222222222,8,1,0,383,128,0,4,4,0,0,0,0|0|0|0|0|0|1|3|0,0|0|0|0|0|0|1|3|0,0|0|0|0|0|0|0|0|0,0|0|0|0|0|0|0|0|0,0|0|0|0|0|0|0|0|0,304,304,0.0,0.0,0.0,0.0,0,False,False
4148,ACTIVE,4,0,0,0,0,2,7,22.22222222222222,8,1,0,383,128,0,4,4,0,0,0,0|0|0|0|0|0|1|3|0,0|0|0|0|0|0|1|3|0,0|0|0|0|0|0|0|0|0,0|0|0|0|0|0|0|0|0,0|0|0|0|0|0|0|0|0,304,304,0.0,0.0,0.0,0.0,0,False,False
4210,ACTIVE,4,0,0,0,0,2,7,22.22222222222222,8,1,0,383,128,0,4,4,0,0,0,0|0|0|0|0|0|1|3|0,0|0|0|0|0|0|1|3|0,0|0|0|0|0|0|0|0|0,0|0|0|0|0|0|0|0|0,0|0|0|0|0|0|0|0|0,305,305,0.0,0.0,0.0,0.0,0,False,False
4264,ACTIVE,4,0,0,0,0,2,7,22.22222222222222,8,1,0,383,128,0,4,4,0,0,0,0|0|0|0|0|0|1|3|0,0|0|0|0|0|0|1|3|0,0|0|0|0|0|0|0|0|0,0|0|0|0|0|0|0|0|0,0|0|0|0|0|0|0|0|0,306,306,0.0,0.0,0.0,0.0,0,False,False
4266,ACTIVE,4,0,0,0,0,2,7,22.22222222222222,8,1,0,383,128,0,4,4,0,0,0,0|0|0|0|0|0|1|3|0,0|0|0|0|0|0|1|3|0,0|0|0|0|0|0|0|0|0,0|0|0|0|0|0|0|0|0,0|0|0|0|0|0|0|0|0,306,306,0.0,0.0,0.0,0.0,0,False,False
4268,ACTIVE,4,0,0,0,0,2,7,22.22222222222222,8,1,0,383,128,0,4,4,0,0,0,0|0|0|0|0|0|1|3|0,0|0|0|0|0|0|1|3|0,0|0|0|0|0|0|0|0|0,0|0|0|0|0|0|0|0|0,0|0|0|0|0|0|0|0|0,306,306,0.0,0.0,0.0,0.0,0,False,False
4270,ACTIVE,4,0,0,0,0,2,7,22.22222222222222,8,1,0,383,128,0,4,4,0,0,0,0|0|0|0|0|0|1|3|0,0|0|0|0|0|0|1|3|0,0|0|0|0|0|0|0|0|0,0|0|0|0|0|0|0|0|0,0|0|0|0|0|0|0|0|0,306,306,0.0,0.0,0.0,0.0,0,False,False
740,ACTIVE,4,0,0,1,1,3,6,33.333333333333336,8,0,1,447,0,64,5,2,0,1,2,0|0|0|0|0|1|3|0|1,0|0|0|0|0|1|0|0|1,0|0|0|0|0|0|0|0|0,0|0|0|0|0|0|1|0|0,0|0|0|0|0|0|2|0|0,307,357,0.9106890559196472,0.092664435505867,0.996428370475769,0.061821091920137405,1,False,False
4313,ACTIVE,4,0,0,0,0,2,7,22.22222222222222,8,1,0,383,128,0,4,4,0,0,0,0|0|0|0|0|0|1|3|0,0|0|0|0|0|0|1|3|0,0|0|0|0|0|0|0|0|0,0|0|0|0|0|0|0|0|0,0|0|0|0|0|0|0|0|0,307,307,0.0,0.0,0.0,0.0,0,False,False
4369,ACTIVE,4,0,0,0,0,2,7,22.22222222222222,8,1,0,383,128,0,4,4,0,0,0,0|0|0|0|0|0|1|3|0,0|0|0|0|0|0|1|3|0,0|0|0|0|0|0|0|0|0,0|0|0|0|0|0|0|0|0,0|0|0|0|0|0|0|0|0,308,308,0.0,0.0,0.0,0.0,0,False,False
4371,ACTIVE,4,0,0,1,1,3,6,33.333333333333336,8,1,0,383,128,0,5,5,0,0,0,0|0|0|0|0|0|1|3|1,0|0|0|0|0|0|1|3|1,0|0|0|0|0|0|0|0|0,0|0|0|0|0|0|0|0|0,0|0|0|0|0|0|0|0|0,308,386,0.9905374050140381,0.11522509902715683,0.998719334602356,0.06300956010818481,1,False,False
4374,ACTIVE,4,0,0,0,0,2,7,22.22222222222222,8,1,0,383,128,0,4,4,0,0,0,0|0|0|0|0|0|1|3|0,0|0|0|0|0|0|1|3|0,0|0|0|0|0|0|0|0|0,0|0|0|0|0|0|0|0|0,0|0|0|0|0|0|0|0|0,308,308,0.0,0.0,0.0,0.0,0,False,False
4411,ACTIVE,4,0,0,1,1,3,6,33.333333333333336,9,0,0,511,0,0,5,3,0,0,0,0|0|0|0|0|3|0|1|1,0|0|0|0|0|1|0|1|1,0|0|0|0|0|0|0|0|0,0|0|0|0|0|0|0|0|0,0|0|0|0|0|0|0|0|0,309,345,0.9393507838249207,0.15968196094036102,0.9960891604423523,0.08951471745967865,1,False,False
4421,ACTIVE,4,0,0,4,4,6,3,66.66666666666667,8,1,0,383,128,0,8,8,0,0,0,0|0|0|1|1|1|1|3|1,0|0|0|1|1|1|1|3|1,0|0|0|0|0|0|0|0|0,0|0|0|0|0|0|0|0|0,0|0|0|0|0|0|0|0|0,309,320,0.9432947337627411,0.12678023986518383,0.9964137226343155,0.0741565590724349,4,False,False
4423,ACTIVE,4,0,0,0,0,2,7,22.22222222222222,8,1,0,383,128,0,4,4,0,0,0,0|0|0|0|0|0|0|3|1,0|0|0|0|0|0|0|3|1,0|0|0|0|0|0|0|0|0,0|0|0|0|0|0|0|0|0,0|0|0|0|0|0|0|0|0,309,309,0.0,0.0,0.0,0.0,0,False,False
4425,ACTIVE,4,0,0,1,1,3,6,33.333333333333336,8,1,0,383,128,0,5,5,0,0,0,0|0|0|0|0|0|1|3|1,0|0|0|0|0|0|1|3|1,0|0|0|0|0|0|0|0|0,0|0|0|0|0|0|0|0|0,0|0|0|0|0|0|0|0|0,309,316,0.993149995803833,0.14768600463867188,0.9954684972763062,0.0990406721830368,1,False,False
4427,ACTIVE,4,0,0,2,2,4,5,44.44444444444444,8,1,0,383,128,0,6,6,0,0,0,0|0|0|0|0|1|1|3|1,0|0|0|0|0|1|1|3|1,0|0|0|0|0|0|0|0|0,0|0|0|0|0|0|0|0|0,0|0|0|0|0|0|0|0|0,309,347,0.9903832077980042,0.12107432633638382,0.9990139901638031,0.05813651345670223,2,False,False
4520,ACTIVE,4,0,0,0,0,2,7,22.22222222222222,8,1,0,383,128,0,4,4,0,0,0,0|0|0|0|0|0|1|3|0,0|0|0|0|0|0|1|3|0,0|0|0|0|0|0|0|0|0,0|0|0|0|0|0|0|0|0,0|0|0|0|0|0|0|0|0,310,310,0.0,0.0,0.0,0.0,0,False,False
4522,ACTIVE,4,0,0,0,0,2,7,22.22222222222222,8,1,0,383,128,0,4,4,0,0,0,0|0|0|0|0|0|1|3|0,0|0|0|0|0|0|1|3|0,0|0|0|0|0|0|0|0|0,0|0|0|0|0|0|0|0|0,0|0|0|0|0|0|0|0|0,310,310,0.0,0.0,0.0,0.0,0,False,False
4524,ACTIVE,4,0,0,0,0,2,7,22.22222222222222,8,1,0,383,128,0,4,4,0,0,0,0|0|0|0|0|0|1|3|0,0|0|0|0|0|0|1|3|0,0|0|0|0|0|0|0|0|0,0|0|0|0|0|0|0|0|0,0|0|0|0|0|0|0|0|0,310,310,0.0,0.0,0.0,0.0,0,False,False
4526,ACTIVE,4,0,0,0,0,2,7,22.22222222222222,8,1,0,383,128,0,4,4,0,0,0,0|0|0|0|0|0|1|3|0,0|0|0|0|0|0|1|3|0,0|0|0|0|0|0|0|0|0,0|0|0|0|0|0|0|0|0,0|0|0|0|0|0|0|0|0,310,310,0.0,0.0,0.0,0.0,0,False,False
4528,ACTIVE,4,0,0,0,0,2,7,22.22222222222222,8,1,0,383,128,0,4,4,0,0,0,0|0|0|0|0|0|1|3|0,0|0|0|0|0|0|1|3|0,0|0|0|0|0|0|0|0|0,0|0|0|0|0|0|0|0|0,0|0|0|0|0|0|0|0|0,310,310,0.0,0.0,0.0,0.0,0,False,False
1961,ACTIVE,4,0,0,0,0,4,5,44.44444444444444,8,0,1,383,0,128,4,2,0,1,1,0|0|0|1|0|1|0|1|1,0|0|0|0|0|1|0|0|1,0|0|0|0|0|0|0|0|0,0|0|0|0|0|0|0|1|0,0|0|0|1|0|0|0|0|0,311,311,0.0,0.0,0.0,0.0,0,False,False
4606,ACTIVE,4,0,0,0,0,2,7,22.22222222222222,8,1,0,383,128,0,4,4,0,0,0,0|0|0|0|0|0|1|3|0,0|0|0|0|0|0|1|3|0,0|0|0|0|0|0|0|0|0,0|0|0|0|0|0|0|0|0,0|0|0|0|0|0|0|0|0,312,312,0.0,0.0,0.0,0.0,0,False,False
4608,ACTIVE,4,0,0,0,0,2,7,22.22222222222222,8,1,0,383,128,0,4,4,0,0,0,0|0|0|0|0|0|1|3|0,0|0|0|0|0|0|1|3|0,0|0|0|0|0|0|0|0|0,0|0|0|0|0|0|0|0|0,0|0|0|0|0|0|0|0|0,312,312,0.0,0.0,0.0,0.0,0,False,False
4610,ACTIVE,4,0,0,0,0,2,7,22.22222222222222,8,1,0,383,128,0,4,4,0,0,0,0|0|0|0|0|0|1|3|0,0|0|0|0|0|0|1|3|0,0|0|0|0|0|0|0|0|0,0|0|0|0|0|0|0|0|0,0|0|0|0|0|0|0|0|0,312,312,0.0,0.0,0.0,0.0,0,False,False
4658,ACTIVE,4,0,0,3,3,5,4,55.55555555555556,8,1,0,383,128,0,7,7,0,0,0,0|0|0|0|1|1|1|3|1,0|0|0|0|1|1|1|3|1,0|0|0|0|0|0|0|0|0,0|0|0|0|0|0|0|0|0,0|0|0|0|0|0|0|0|0,313,386,0.9907236695289612,0.09185986096660297,0.9968787829081217,0.06913880382974942,3,False,False
4663,ACTIVE,4,0,0,0,0,2,7,22.22222222222222,8,1,0,383,128,0,4,4,0,0,0,0|0|0|0|0|0|0|3|1,0|0|0|0|0|0|0|3|1,0|0|0|0|0|0|0|0|0,0|0|0|0|0|0|0|0|0,0|0|0|0|0|0|0|0|0,313,313,0.0,0.0,0.0,0.0,0,False,False
4666,ACTIVE,4,0,0,0,0,2,7,22.22222222222222,8,1,0,383,128,0,4,4,0,0,0,0|0|0|0|0|0|0|3|1,0|0|0|0|0|0|0|3|1,0|0|0|0|0|0|0|0|0,0|0|0|0|0|0|0|0|0,0|0|0|0|0|0|0|0|0,313,313,0.0,0.0,0.0,0.0,0,False,False
4668,ACTIVE,4,0,0,0,0,2,7,22.22222222222222,8,1,0,383,128,0,4,4,0,0,0,0|0|0|0|0|0|0|3|1,0|0|0|0|0|0|0|3|1,0|0|0|0|0|0|0|0|0,0|0|0|0|0|0|0|0|0,0|0|0|0|0|0|0|0|0,313,313,0.0,0.0,0.0,0.0,0,False,False
4704,ACTIVE,4,0,0,1,1,3,6,33.333333333333336,8,1,0,383,128,0,5,5,0,0,0,0|0|0|0|0|0|1|3|1,0|0|0|0|0|0|1|3|1,0|0|0|0|0|0|0|0|0,0|0|0|0|0|0|0|0|0,0|0|0|0|0|0|0|0|0,314,327,0.9271511435508728,0.15644940733909607,0.9987176656723022,0.05563899874687195,1,False,False
4706,ACTIVE,4,0,0,1,1,3,6,33.333333333333336,8,1,0,383,128,0,5,4,0,0,1,0|0|0|0|0|0|1|3|1,0|0|0|0|0|0|1|3|0,0|0|0|0|0|0|0|0|0,0|0|0|0|0|0|0|0|0,0|0|0|0|0|0|0|0|1,314,319,0.9999885559082031,0.19758030772209167,0.9990269541740417,0.06415628641843796,1,False,False
4708,ACTIVE,4,0,0,0,0,2,7,22.22222222222222,8,1,0,383,128,0,4,4,0,0,0,0|0|0|0|0|0|1|3|0,0|0|0|0|0|0|1|3|0,0|0|0|0|0|0|0|0|0,0|0|0|0|0|0|0|0|0,0|0|0|0|0|0|0|0|0,314,314,0.0,0.0,0.0,0.0,0,False,False
4710,ACTIVE,4,0,0,0,0,2,7,22.22222222222222,8,1,0,383,128,0,4,4,0,0,0,0|0|0|0|0|0|1|3|0,0|0|0|0|0|0|1|3|0,0|0|0|0|0|0|0|0|0,0|0|0|0|0|0|0|0|0,0|0|0|0|0|0|0|0|0,314,314,0.0,0.0,0.0,0.0,0,False,False
4767,ACTIVE,4,0,0,0,0,2,7,22.22222222222222,8,1,0,383,128,0,4,4,0,0,0,0|0|0|0|0|0|1|3|0,0|0|0|0|0|0|1|3|0,0|0|0|0|0|0|0|0|0,0|0|0|0|0|0|0|0|0,0|0|0|0|0|0|0|0|0,315,315,0.0,0.0,0.0,0.0,0,False,False
4769,ACTIVE,4,0,0,5,5,7,2,77.77777777777777,8,1,0,383,128,0,9,9,0,0,0,1|0|0|1|1|1|1|3|1,1|0|0|1|1|1|1|3|1,0|0|0|0|0|0|0|0|0,0|0|0|0|0|0|0|0|0,0|0|0|0|0|0|0|0|0,315,346,0.9999927759170533,0.15202274322509765,0.9988149046897888,0.05978027395904064,5,False,False
4771,ACTIVE,4,0,0,0,0,2,7,22.22222222222222,8,1,0,383,128,0,4,4,0,0,0,0|0|0|0|0|0|0|3|1,0|0|0|0|0|0|0|3|1,0|0|0|0|0|0|0|0|0,0|0|0|0|0|0|0|0|0,0|0|0|0|0|0|0|0|0,315,315,0.0,0.0,0.0,0.0,0,False,False
4773,ACTIVE,4,0,0,0,0,2,7,22.22222222222222,8,1,0,383,128,0,4,4,0,0,0,0|0|0|0|0|0|1|3|0,0|0|0|0|0|0|1|3|0,0|0|0|0|0|0|0|0|0,0|0|0|0|0|0|0|0|0,0|0|0|0|0|0|0|0|0,315,315,0.0,0.0,0.0,0.0,0,False,False
4775,ACTIVE,4,0,0,0,0,2,7,22.22222222222222,8,1,0,383,128,0,4,4,0,0,0,0|0|0|0|0|0|1|3|0,0|0|0|0|0|0|1|3|0,0|0|0|0|0|0|0|0|0,0|0|0|0|0|0|0|0|0,0|0|0|0|0|0|0|0|0,315,315,0.0,0.0,0.0,0.0,0,False,False
4821,ACTIVE,4,0,0,2,2,4,5,44.44444444444444,8,1,0,383,128,0,6,6,0,0,0,0|0|0|0|0|1|1|3|1,0|0|0|0|0|1|1|3|1,0|0|0|0|0|0|0|0|0,0|0|0|0|0|0|0|0|0,0|0|0|0|0|0|0|0|0,316,327,0.9992322027683258,0.048108067363500595,0.9973655641078949,0.07725470885634422,2,False,False
4826,ACTIVE,4,0,0,0,0,2,7,22.22222222222222,8,1,0,383,128,0,4,4,0,0,0,0|0|0|0|0|0|1|3|0,0|0|0|0|0|0|1|3|0,0|0|0|0|0|0|0|0|0,0|0|0|0|0|0|0|0|0,0|0|0|0|0|0|0|0|0,316,316,0.0,0.0,0.0,0.0,0,False,False
4828,ACTIVE,4,0,0,0,0,2,7,22.22222222222222,8,1,0,383,128,0,4,4,0,0,0,0|0|0|0|0|0|1|3|0,0|0|0|0|0|0|1|3|0,0|0|0|0|0|0|0|0|0,0|0|0|0|0|0|0|0|0,0|0|0|0|0|0|0|0|0,316,316,0.0,0.0,0.0,0.0,0,False,False
4905,ACTIVE,4,0,0,0,0,2,7,22.22222222222222,8,1,0,383,128,0,4,4,0,0,0,0|0|0|0|0|0|1|3|0,0|0|0|0|0|0|1|3|0,0|0|0|0|0|0|0|0|0,0|0|0|0|0|0|0|0|0,0|0|0|0|0|0|0|0|0,317,317,0.0,0.0,0.0,0.0,0,False,False
4907,ACTIVE,4,0,0,0,0,2,7,22.22222222222222,8,1,0,383,128,0,4,4,0,0,0,0|0|0|0|0|0|1|3|0,0|0|0|0|0|0|1|3|0,0|0|0|0|0|0|0|0|0,0|0|0|0|0|0|0|0|0,0|0|0|0|0|0|0|0|0,317,317,0.0,0.0,0.0,0.0,0,False,False
4954,ACTIVE,4,0,0,0,0,2,7,22.22222222222222,8,1,0,383,128,0,4,4,0,0,0,0|0|0|0|0|0|0|3|1,0|0|0|0|0|0|0|3|1,0|0|0|0|0|0|0|0|0,0|0|0|0|0|0|0|0|0,0|0|0|0|0|0|0|0|0,318,318,0.0,0.0,0.0,0.0,0,False,False
4960,ACTIVE,4,0,0,0,0,2,7,22.22222222222222,8,1,0,383,128,0,4,4,0,0,0,0|0|0|0|0|0|0|3|1,0|0|0|0|0|0|0|3|1,0|0|0|0|0|0|0|0|0,0|0|0|0|0|0|0|0|0,0|0|0|0|0|0|0|0|0,318,318,0.0,0.0,0.0,0.0,0,False,False
4964,ACTIVE,4,0,0,0,0,2,7,22.22222222222222,8,1,0,383,128,0,4,4,0,0,0,0|0|0|0|0|0|0|3|1,0|0|0|0|0|0|0|3|1,0|0|0|0|0|0|0|0|0,0|0|0|0|0|0|0|0|0,0|0|0|0|0|0|0|0|0,318,318,0.0,0.0,0.0,0.0,0,False,False
5048,ACTIVE,4,0,0,0,0,2,7,22.22222222222222,8,1,0,383,128,0,4,4,0,0,0,0|0|0|0|0|0|1|3|0,0|0|0|0|0|0|1|3|0,0|0|0|0|0|0|0|0|0,0|0|0|0|0|0|0|0|0,0|0|0|0|0|0|0|0|0,320,320,0.0,0.0,0.0,0.0,0,False,False
5050,ACTIVE,4,3,1,2,2,4,5,44.44444444444444,8,1,0,383,128,0,9,9,0,0,0,0|0|0|0|0|1|1|6|1,0|0|0|0|0|1|1|6|1,0|0|0|0|0|0|0|0|0,0|0|0|0|0|0|0|0|0,0|0|0|0|0|0|0|0|0,320,351,0.9999994039535522,0.039814974181354046,0.9990870356559753,0.08113105222582817,3,False,False
5052,ACTIVE,4,0,0,0,0,2,7,22.22222222222222,8,1,0,383,128,0,4,4,0,0,0,0|0|0|0|0|0|1|3|0,0|0|0|0|0|0|1|3|0,0|0|0|0|0|0|0|0|0,0|0|0|0|0|0|0|0|0,0|0|0|0|0|0|0|0|0,320,320,0.0,0.0,0.0,0.0,0,False,False
5054,ACTIVE,4,0,0,0,0,2,7,22.22222222222222,8,1,0,383,128,0,4,4,0,0,0,0|0|0|0|0|0|1|3|0,0|0|0|0|0|0|1|3|0,0|0|0|0|0|0|0|0|0,0|0|0|0|0|0|0|0|0,0|0|0|0|0|0|0|0|0,320,320,0.0,0.0,0.0,0.0,0,False,False
5114,ACTIVE,4,0,0,0,0,2,7,22.22222222222222,8,1,0,383,128,0,4,4,0,0,0,0|0|0|0|0|0|0|3|1,0|0|0|0|0|0|0|3|1,0|0|0|0|0|0|0|0|0,0|0|0|0|0|0|0|0|0,0|0|0|0|0|0|0|0|0,321,321,0.0,0.0,0.0,0.0,0,False,False
5116,ACTIVE,4,0,0,1,1,3,6,33.333333333333336,8,1,0,383,128,0,5,5,0,0,0,0|0|0|0|0|0|1|3|1,0|0|0|0|0|0|1|3|1,0|0|0|0|0|0|0|0|0,0|0|0|0|0|0|0|0|0,0|0|0|0|0|0|0|0|0,321,349,0.9979845285415649,0.17327666282653809,0.9994885921478271,0.03580229729413986,1,False,False
5175,ACTIVE,4,0,0,0,0,2,7,22.22222222222222,8,1,0,383,128,0,4,4,0,0,0,0|0|0|0|0|0|0|3|1,0|0|0|0|0|0|0|3|1,0|0|0|0|0|0|0|0|0,0|0|0|0|0|0|0|0|0,0|0|0|0|0|0|0|0|0,322,322,0.0,0.0,0.0,0.0,0,False,False
5183,ACTIVE,4,0,0,0,0,2,7,22.22222222222222,8,1,0,383,128,0,4,4,0,0,0,0|0|0|0|0|0|1|3|0,0|0|0|0|0|0|1|3|0,0|0|0|0|0|0|0|0|0,0|0|0|0|0|0|0|0|0,0|0|0|0|0|0|0|0|0,322,322,0.0,0.0,0.0,0.0,0,False,False
5185,ACTIVE,4,0,0,0,0,2,7,22.22222222222222,7,0,2,319,0,192,4,0,0,1,3,0|0|0|0|0|0|1|3|0,0|0|0|0|0|0|0|0|0,0|0|0|0|0|0|0|0|0,0|0|0|0|0|0|1|0|0,0|0|0|0|0|0|0|3|0,322,322,0.0,0.0,0.0,0.0,0,False,False
5201,ACTIVE,4,0,0,0,0,2,7,22.22222222222222,8,1,0,383,128,0,4,4,0,0,0,0|0|0|0|0|0|1|3|0,0|0|0|0|0|0|1|3|0,0|0|0|0|0|0|0|0|0,0|0|0|0|0|0|0|0|0,0|0|0|0|0|0|0|0|0,323,323,0.0,0.0,0.0,0.0,0,False,False
5203,ACTIVE,4,0,0,0,0,2,7,22.22222222222222,8,1,0,383,128,0,4,4,0,0,0,0|0|0|0|0|0|1|3|0,0|0|0|0|0|0|1|3|0,0|0|0|0|0|0|0|0|0,0|0|0|0|0|0|0|0|0,0|0|0|0|0|0|0|0|0,323,323,0.0,0.0,0.0,0.0,0,False,False
5206,ACTIVE,4,0,0,0,0,2,7,22.22222222222222,8,1,0,383,128,0,4,4,0,0,0,0|0|0|0|0|0|1|3|0,0|0|0|0|0|0|1|3|0,0|0|0|0|0|0|0|0|0,0|0|0|0|0|0|0|0|0,0|0|0|0|0|0|0|0|0,323,323,0.0,0.0,0.0,0.0,0,False,False
5208,ACTIVE,4,0,0,0,0,2,7,22.22222222222222,8,1,0,383,128,0,4,4,0,0,0,0|0|0|0|0|0|1|3|0,0|0|0|0|0|0|1|3|0,0|0|0|0|0|0|0|0|0,0|0|0|0|0|0|0|0|0,0|0|0|0|0|0|0|0|0,323,323,0.0,0.0,0.0,0.0,0,False,False
5210,ACTIVE,4,0,0,0,0,2,7,22.22222222222222,8,1,0,383,128,0,4,4,0,0,0,0|0|0|0|0|0|1|3|0,0|0|0|0|0|0|1|3|0,0|0|0|0|0|0|0|0|0,0|0|0|0|0|0|0|0|0,0|0|0|0|0|0|0|0|0,323,323,0.0,0.0,0.0,0.0,0,False,False
5212,ACTIVE,4,0,0,0,0,2,7,22.22222222222222,8,1,0,383,128,0,4,4,0,0,0,0|0|0|0|0|0|1|3|0,0|0|0|0|0|0|1|3|0,0|0|0|0|0|0|0|0|0,0|0|0|0|0|0|0|0|0,0|0|0|0|0|0|0|0|0,323,323,0.0,0.0,0.0,0.0,0,False,False
5283,ACTIVE,4,0,0,1,1,3,6,33.333333333333336,8,1,0,383,128,0,5,5,0,0,0,0|0|0|0|0|0|1|3|1,0|0|0|0|0|0|1|3|1,0|0|0|0|0|0|0|0|0,0|0|0|0|0|0|0|0|0,0|0|0|0|0|0|0|0|0,325,338,0.9990853667259216,0.1471809446811676,0.9995027184486389,0.03285863250494003,1,False,False
5341,ACTIVE,4,0,0,0,0,2,7,22.22222222222222,8,1,0,383,128,0,4,4,0,0,0,0|0|0|0|0|0|1|3|0,0|0|0|0|0|0|1|3|0,0|0|0|0|0|0|0|0|0,0|0|0|0|0|0|0|0|0,0|0|0|0|0|0|0|0|0,326,326,0.0,0.0,0.0,0.0,0,False,False
5343,ACTIVE,4,0,0,0,0,2,7,22.22222222222222,8,1,0,383,128,0,4,4,0,0,0,0|0|0|0|0|0|1|3|0,0|0|0|0|0|0|1|3|0,0|0|0|0|0|0|0|0|0,0|0|0|0|0|0|0|0|0,0|0|0|0|0|0|0|0|0,326,326,0.0,0.0,0.0,0.0,0,False,False
5345,ACTIVE,4,0,0,0,0,2,7,22.22222222222222,8,1,0,383,128,0,4,4,0,0,0,0|0|0|0|0|0|1|3|0,0|0|0|0|0|0|1|3|0,0|0|0|0|0|0|0|0|0,0|0|0|0|0|0|0|0|0,0|0|0|0|0|0|0|0|0,326,326,0.0,0.0,0.0,0.0,0,False,False
5347,ACTIVE,4,0,0,0,0,2,7,22.22222222222222,8,1,0,383,128,0,4,4,0,0,0,0|0|0|0|0|0|1|3|0,0|0|0|0|0|0|1|3|0,0|0|0|0|0|0|0|0|0,0|0|0|0|0|0|0|0|0,0|0|0|0|0|0|0|0|0,326,326,0.0,0.0,0.0,0.0,0,False,False
5404,ACTIVE,4,0,0,0,0,2,7,22.22222222222222,8,1,0,383,128,0,4,4,0,0,0,0|0|0|0|0|0|0|3|1,0|0|0|0|0|0|0|3|1,0|0|0|0|0|0|0|0|0,0|0|0|0|0|0|0|0|0,0|0|0|0|0|0|0|0|0,327,327,0.0,0.0,0.0,0.0,0,False,False
5528,ACTIVE,4,0,0,0,0,2,7,22.22222222222222,8,1,0,383,128,0,4,4,0,0,0,0|0|0|0|0|0|0|3|1,0|0|0|0|0|0|0|3|1,0|0|0|0|0|0|0|0|0,0|0|0|0|0|0|0|0|0,0|0|0|0|0|0|0|0|0,329,329,0.0,0.0,0.0,0.0,0,False,False
5274,ACTIVE,4,0,0,1,1,3,6,33.333333333333336,8,0,1,383,0,128,5,2,0,0,3,0|0|0|0|0|0|1|3|1,0|0|0|0|0|0|1|1|0,0|0|0|0|0|0|0|0|0,0|0|0|0|0|0|0|0|0,0|0|0|0|0|0|0|2|1,330,330,0.9994056224822998,0.06757411360740662,0.9985315203666687,0.0815962478518486,1,False,False
5588,ACTIVE,4,1,1,5,5,7,2,77.77777777777777,8,1,0,255,256,0,10,10,0,0,0,0|1|0|1|1|1|1|1|4,0|1|0|1|1|1|1|1|4,0|0|0|0|0|0|0|0|0,0|0|0|0|0|0|0|0|0,0|0|0|0|0|0|0|0|0,331,381,0.9856694459915161,0.11699343770742417,0.9980501770973206,0.06850639581680298,6,False,False
5626,ACTIVE,4,0,0,2,2,4,5,44.44444444444444,8,1,0,383,128,0,6,6,0,0,0,0|0|0|0|1|0|1|3|1,0|0|0|0|1|0|1|3|1,0|0|0|0|0|0|0|0|0,0|0|0|0|0|0|0|0|0,0|0|0|0|0|0|0|0|0,332,346,0.9985094666481018,0.019896783865988255,0.9988487958908081,0.048777176067233086,2,False,False
5628,ACTIVE,4,0,0,1,1,3,6,33.333333333333336,8,1,0,383,128,0,5,5,0,0,0,0|0|0|0|0|0|1|3|1,0|0|0|0|0|0|1|3|1,0|0|0|0|0|0|0|0|0,0|0|0|0|0|0|0|0|0,0|0|0|0|0|0|0|0|0,332,346,0.9986074566841125,0.022924216464161873,0.9976637363433838,0.08652232587337494,1,False,False
5630,ACTIVE,4,0,0,0,0,2,7,22.22222222222222,8,1,0,383,128,0,4,4,0,0,0,0|0|0|0|0|0|1|3|0,0|0|0|0|0|0|1|3|0,0|0|0|0|0|0|0|0|0,0|0|0|0|0|0|0|0|0,0|0|0|0|0|0|0|0|0,332,332,0.0,0.0,0.0,0.0,0,False,False
5632,ACTIVE,4,0,0,0,0,2,7,22.22222222222222,8,1,0,383,128,0,4,4,0,0,0,0|0|0|0|0|0|1|3|0,0|0|0|0|0|0|1|3|0,0|0|0|0|0|0|0|0|0,0|0|0|0|0|0|0|0|0,0|0|0|0|0|0|0|0|0,332,332,0.0,0.0,0.0,0.0,0,False,False
5635,ACTIVE,4,0,0,0,0,2,7,22.22222222222222,8,1,0,383,128,0,4,4,0,0,0,0|0|0|0|0|0|1|3|0,0|0|0|0|0|0|1|3|0,0|0|0|0|0|0|0|0|0,0|0|0|0|0|0|0|0|0,0|0|0|0|0|0|0|0|0,332,332,0.0,0.0,0.0,0.0,0,False,False
5637,ACTIVE,4,0,0,0,0,2,7,22.22222222222222,8,1,0,383,128,0,4,4,0,0,0,0|0|0|0|0|0|1|3|0,0|0|0|0|0|0|1|3|0,0|0|0|0|0|0|0|0|0,0|0|0|0|0|0|0|0|0,0|0|0|0|0|0|0|0|0,332,332,0.0,0.0,0.0,0.0,0,False,False
5801,ACTIVE,4,3,1,4,4,6,3,66.66666666666667,8,1,0,255,256,0,11,10,0,0,1,0|0|0|1|1|1|1|1|6,0|0|0|1|1|1|1|1|5,0|0|0|0|0|0|0|0|0,0|0|0|0|0|0|0|0|0,0|0|0|0|0|0|0|0|1,335,396,0.952541396021843,0.11790050007402897,0.9935489296913147,0.07737467624247074,5,False,False
5808,ACTIVE,4,0,0,0,0,2,7,22.22222222222222,8,1,0,383,128,0,4,4,0,0,0,0|0|0|0|0|0|0|3|1,0|0|0|0|0|0|0|3|1,0|0|0|0|0|0|0|0|0,0|0|0|0|0|0|0|0|0,0|0|0|0|0|0|0|0|0,335,335,0.0,0.0,0.0,0.0,0,False,False
5835,ACTIVE,4,0,0,0,0,2,7,22.22222222222222,8,1,0,383,128,0,4,4,0,0,0,0|0|0|0|0|0|0|3|1,0|0|0|0|0|0|0|3|1,0|0|0|0|0|0|0|0|0,0|0|0|0|0|0|0|0|0,0|0|0|0|0|0|0|0|0,336,336,0.0,0.0,0.0,0.0,0,False,False
5886,ACTIVE,4,0,0,2,2,4,5,44.44444444444444,8,1,0,383,128,0,6,6,0,0,0,0|0|0|0|0|1|1|3|1,0|0|0|0|0|1|1|3|1,0|0|0|0|0|0|0|0|0,0|0|0|0|0|0|0|0|0,0|0|0|0|0|0|0|0|0,337,393,0.9913447201251984,0.09152328129857779,0.9985067248344421,0.057383568957448006,2,False,False
5892,ACTIVE,4,0,0,0,0,2,7,22.22222222222222,8,1,0,383,128,0,4,4,0,0,0,0|0|0|0|0|0|1|3|0,0|0|0|0|0|0|1|3|0,0|0|0|0|0|0|0|0|0,0|0|0|0|0|0|0|0|0,0|0|0|0|0|0|0|0|0,337,337,0.0,0.0,0.0,0.0,0,False,False
5894,ACTIVE,4,0,0,0,0,2,7,22.22222222222222,8,1,0,383,128,0,4,4,0,0,0,0|0|0|0|0|0|1|3|0,0|0|0|0|0|0|1|3|0,0|0|0|0|0|0|0|0|0,0|0|0|0|0|0|0|0|0,0|0|0|0|0|0|0|0|0,337,337,0.0,0.0,0.0,0.0,0,False,False
5932,ACTIVE,4,0,0,0,0,2,7,22.22222222222222,8,1,0,383,128,0,4,4,0,0,0,0|0|0|0|0|0|0|3|1,0|0|0|0|0|0|0|3|1,0|0|0|0|0|0|0|0|0,0|0|0|0|0|0|0|0|0,0|0|0|0|0|0|0|0|0,338,338,0.0,0.0,0.0,0.0,0,False,False
6010,ACTIVE,4,0,0,0,0,2,7,22.22222222222222,8,1,0,383,128,0,4,4,0,0,0,0|0|0|0|0|0|0|3|1,0|0|0|0|0|0|0|3|1,0|0|0|0|0|0|0|0|0,0|0|0|0|0|0|0|0|0,0|0|0|0|0|0|0|0|0,339,339,0.0,0.0,0.0,0.0,0,False,False
6013,ACTIVE,4,0,0,0,0,2,7,22.22222222222222,8,1,0,383,128,0,4,4,0,0,0,0|0|0|0|0|0|0|3|1,0|0|0|0|0|0|0|3|1,0|0|0|0|0|0|0|0|0,0|0|0|0|0|0|0|0|0,0|0|0|0|0|0|0|0|0,339,339,0.0,0.0,0.0,0.0,0,False,False
6204,ACTIVE,4,0,0,0,0,2,7,22.22222222222222,8,1,0,383,128,0,4,4,0,0,0,0|0|0|0|0|0|1|3|0,0|0|0|0|0|0|1|3|0,0|0|0|0|0|0|0|0|0,0|0|0|0|0|0|0|0|0,0|0|0|0|0|0|0|0|0,346,346,0.0,0.0,0.0,0.0,0,False,False
6207,ACTIVE,4,0,0,0,0,2,7,22.22222222222222,8,1,0,383,128,0,4,4,0,0,0,0|0|0|0|0|0|1|3|0,0|0|0|0|0|0|1|3|0,0|0|0|0|0|0|0|0|0,0|0|0|0|0|0|0|0|0,0|0|0|0|0|0|0|0|0,346,346,0.0,0.0,0.0,0.0,0,False,False
6209,ACTIVE,4,0,0,0,0,2,7,22.22222222222222,8,1,0,383,128,0,4,4,0,0,0,0|0|0|0|0|0|1|3|0,0|0|0|0|0|0|1|3|0,0|0|0|0|0|0|0|0|0,0|0|0|0|0|0|0|0|0,0|0|0|0|0|0|0|0|0,346,346,0.0,0.0,0.0,0.0,0,False,False
6265,ACTIVE,4,0,0,0,0,2,7,22.22222222222222,8,1,0,383,128,0,4,4,0,0,0,0|0|0|0|0|0|1|3|0,0|0|0|0|0|0|1|3|0,0|0|0|0|0|0|0|0|0,0|0|0|0|0|0|0|0|0,0|0|0|0|0|0|0|0|0,347,347,0.0,0.0,0.0,0.0,0,False,False
6306,ACTIVE,4,0,0,0,0,2,7,22.22222222222222,8,1,0,383,128,0,4,4,0,0,0,0|0|0|0|0|0|0|3|1,0|0|0|0|0|0|0|3|1,0|0|0|0|0|0|0|0|0,0|0|0|0|0|0|0|0|0,0|0|0|0|0|0|0|0|0,348,348,0.0,0.0,0.0,0.0,0,False,False
6308,ACTIVE,4,0,0,0,0,2,7,22.22222222222222,8,1,0,383,128,0,4,4,0,0,0,0|0|0|0|0|0|0|3|1,0|0|0|0|0|0|0|3|1,0|0|0|0|0|0|0|0|0,0|0|0|0|0|0|0|0|0,0|0|0|0|0|0|0|0|0,348,348,0.0,0.0,0.0,0.0,0,False,False
6323,ACTIVE,4,0,0,1,1,3,6,33.333333333333336,8,1,0,383,128,0,5,5,0,0,0,0|0|0|0|0|0|1|3|1,0|0|0|0|0|0|1|3|1,0|0|0|0|0|0|0|0|0,0|0|0|0|0|0|0|0|0,0|0|0|0|0|0|0|0|0,349,374,0.9947826266288757,0.17517489194869995,0.9974859356880188,0.06879758089780807,1,False,False
6378,ACTIVE,4,0,0,0,0,2,7,22.22222222222222,8,1,0,383,128,0,4,4,0,0,0,0|0|0|0|0|0|0|3|1,0|0|0|0|0|0|0|3|1,0|0|0|0|0|0|0|0|0,0|0|0|0|0|0|0|0|0,0|0|0|0|0|0|0|0|0,350,350,0.0,0.0,0.0,0.0,0,False,False
6381,ACTIVE,4,0,0,0,0,2,7,22.22222222222222,8,1,0,383,128,0,4,4,0,0,0,0|0|0|0|0|0|0|3|1,0|0|0|0|0|0|0|3|1,0|0|0|0|0|0|0|0|0,0|0|0|0|0|0|0|0|0,0|0|0|0|0|0|0|0|0,350,350,0.0,0.0,0.0,0.0,0,False,False
6384,ACTIVE,4,0,0,0,0,2,7,22.22222222222222,8,1,0,383,128,0,4,4,0,0,0,0|0|0|0|0|0|1|3|0,0|0|0|0|0|0|1|3|0,0|0|0|0|0|0|0|0|0,0|0|0|0|0|0|0|0|0,0|0|0|0|0|0|0|0|0,350,350,0.0,0.0,0.0,0.0,0,False,False
6388,ACTIVE,4,0,0,0,0,2,7,22.22222222222222,8,1,0,383,128,0,4,4,0,0,0,0|0|0|0|0|0|1|3|0,0|0|0|0|0|0|1|3|0,0|0|0|0|0|0|0|0|0,0|0|0|0|0|0|0|0|0,0|0|0|0|0|0|0|0|0,350,350,0.0,0.0,0.0,0.0,0,False,False
6390,ACTIVE,4,0,0,0,0,2,7,22.22222222222222,8,1,0,383,128,0,4,4,0,0,0,0|0|0|0|0|0|1|3|0,0|0|0|0|0|0|1|3|0,0|0|0|0|0|0|0|0|0,0|0|0|0|0|0|0|0|0,0|0|0|0|0|0|0|0|0,350,350,0.0,0.0,0.0,0.0,0,False,False
6393,ACTIVE,4,0,0,0,0,2,7,22.22222222222222,8,1,0,383,128,0,4,4,0,0,0,0|0|0|0|0|0|1|3|0,0|0|0|0|0|0|1|3|0,0|0|0|0|0|0|0|0|0,0|0|0|0|0|0|0|0|0,0|0|0|0|0|0|0|0|0,350,350,0.0,0.0,0.0,0.0,0,False,False
6395,ACTIVE,4,0,0,0,0,2,7,22.22222222222222,8,1,0,383,128,0,4,4,0,0,0,0|0|0|0|0|0|1|3|0,0|0|0|0|0|0|1|3|0,0|0|0|0|0|0|0|0|0,0|0|0|0|0|0|0|0|0,0|0|0|0|0|0|0|0|0,350,350,0.0,0.0,0.0,0.0,0,False,False
6397,ACTIVE,4,0,0,0,0,2,7,22.22222222222222,8,1,0,383,128,0,4,4,0,0,0,0|0|0|0|0|0|1|3|0,0|0|0|0|0|0|1|3|0,0|0|0|0|0|0|0|0|0,0|0|0|0|0|0|0|0|0,0|0|0|0|0|0|0|0|0,350,350,0.0,0.0,0.0,0.0,0,False,False
6400,ACTIVE,4,0,0,0,0,2,7,22.22222222222222,8,1,0,383,128,0,4,4,0,0,0,0|0|0|0|0|0|1|3|0,0|0|0|0|0|0|1|3|0,0|0|0|0|0|0|0|0|0,0|0|0|0|0|0|0|0|0,0|0|0|0|0|0|0|0|0,350,350,0.0,0.0,0.0,0.0,0,False,False
6447,ACTIVE,4,0,0,0,0,2,7,22.22222222222222,8,1,0,383,128,0,4,4,0,0,0,0|0|0|0|0|0|1|3|0,0|0|0|0|0|0|1|3|0,0|0|0|0|0|0|0|0|0,0|0|0|0|0|0|0|0|0,0|0|0|0|0|0|0|0|0,351,351,0.0,0.0,0.0,0.0,0,False,False
6449,ACTIVE,4,0,0,0,0,2,7,22.22222222222222,8,1,0,383,128,0,4,4,0,0,0,0|0|0|0|0|0|1|3|0,0|0|0|0|0|0|1|3|0,0|0|0|0|0|0|0|0|0,0|0|0|0|0|0|0|0|0,0|0|0|0|0|0|0|0|0,351,351,0.0,0.0,0.0,0.0,0,False,False
6454,ACTIVE,4,0,0,0,0,2,7,22.22222222222222,8,1,0,383,128,0,4,4,0,0,0,0|0|0|0|0|0|1|3|0,0|0|0|0|0|0|1|3|0,0|0|0|0|0|0|0|0|0,0|0|0|0|0|0|0|0|0,0|0|0|0|0|0|0|0|0,351,351,0.0,0.0,0.0,0.0,0,False,False
6459,ACTIVE,4,0,0,0,0,2,7,22.22222222222222,8,1,0,383,128,0,4,4,0,0,0,0|0|0|0|0|0|1|3|0,0|0|0|0|0|0|1|3|0,0|0|0|0|0|0|0|0|0,0|0|0|0|0|0|0|0|0,0|0|0|0|0|0|0|0|0,351,351,0.0,0.0,0.0,0.0,0,False,False
6499,ACTIVE,4,0,0,0,0,2,7,22.22222222222222,8,1,0,255,256,0,4,4,0,0,0,0|0|0|0|0|1|0|0|3,0|0|0|0|0|1|0|0|3,0|0|0|0|0|0|0|0|0,0|0|0|0|0|0|0|0|0,0|0|0|0|0|0|0|0|0,352,352,0.0,0.0,0.0,0.0,0,False,False
6551,ACTIVE,4,0,0,1,1,3,6,33.333333333333336,8,1,0,255,256,0,5,4,0,0,1,0|0|0|0|0|0|1|1|3,0|0|0|0|0|0|0|1|3,0|0|0|0|0|0|0|0|0,0|0|0|0|0|0|0|0|0,0|0|0|0|0|0|1|0|0,354,381,0.9718706607818604,0.174147829413414,0.9989233613014221,0.04659410938620567,1,False,False
6525,ACTIVE,4,0,0,2,2,4,5,44.44444444444444,8,1,0,255,256,0,6,4,0,0,2,0|0|0|0|0|1|1|1|3,0|0|0|0|0|1|1|0|2,0|0|0|0|0|0|0|0|0,0|0|0|0|0|0|0|0|0,0|0|0|0|0|0|0|1|1,354,381,0.9939830005168915,0.07800590619444847,0.9950670301914215,0.06347930431365967,2,False,False
6577,ACTIVE,4,0,0,0,0,2,7,22.22222222222222,7,0,2,319,0,192,4,0,0,1,3,0|0|0|0|0|0|1|3|0,0|0|0|0|0|0|0|0|0,0|0|0|0|0|0|0|0|0,0|0|0|0|0|0|1|0|0,0|0|0|0|0|0|0|3|0,355,355,0.0,0.0,0.0,0.0,0,False,False
6632,ACTIVE,4,0,0,2,2,4,5,44.44444444444444,8,1,0,479,32,0,6,6,0,0,0,0|0|0|0|1|3|1|0|1,0|0|0|0|1|3|1|0|1,0|0|0|0|0|0|0|0|0,0|0|0|0|0|0|0|0|0,0|0|0|0|0|0|0|0|0,357,357,0.9998545348644257,0.013138071168214083,0.9976361095905304,0.07692683860659599,2,False,False
6633,ACTIVE,4,0,0,0,0,3,6,33.333333333333336,8,1,0,255,256,0,4,4,0,0,0,0|0|0|0|0|1|0|1|2,0|0|0|0|0|1|0|1|2,0|0|0|0|0|0|0|0|0,0|0|0|0|0|0|0|0|0,0|0|0|0|0|0|0|0|0,357,357,0.0,0.0,0.0,0.0,0,False,False
6663,ACTIVE,4,0,0,0,0,2,7,22.22222222222222,8,1,0,383,128,0,4,4,0,0,0,0|0|0|0|0|0|1|3|0,0|0|0|0|0|0|1|3|0,0|0|0|0|0|0|0|0|0,0|0|0|0|0|0|0|0|0,0|0|0|0|0|0|0|0|0,358,358,0.0,0.0,0.0,0.0,0,False,False
6665,ACTIVE,4,0,0,0,0,2,7,22.22222222222222,8,1,0,383,128,0,4,4,0,0,0,0|0|0|0|0|0|0|3|1,0|0|0|0|0|0|0|3|1,0|0|0|0|0|0|0|0|0,0|0|0|0|0|0|0|0|0,0|0|0|0|0|0|0|0|0,358,358,0.0,0.0,0.0,0.0,0,False,False
6697,ACTIVE,4,0,0,5,5,7,2,77.77777777777777,9,0,0,511,0,0,9,4,0,0,0,0|0|1|1|1|3|1|1|1,0|0|1|0|1|0|1|1|0,0|0|0|0|0|0|0|0|0,0|0|0|0|0|0|0|0|0,0|0|0|0|0|0|0|0|0,359,359,0.9997868657112121,0.014713349100202323,0.9991758584976196,0.06270154826343059,5,False,False
6698,ACTIVE,4,0,0,0,0,3,6,33.333333333333336,8,1,0,255,256,0,4,4,0,0,0,0|0|0|0|0|1|0|1|2,0|0|0|0|0|1|0|1|2,0|0|0|0|0|0|0|0|0,0|0|0|0|0|0|0|0|0,0|0|0|0|0|0|0|0|0,359,359,0.0,0.0,0.0,0.0,0,False,False
6772,ACTIVE,4,0,0,0,0,2,7,22.22222222222222,9,0,0,511,0,0,4,0,0,0,0,0|0|0|0|0|3|0|0|1,0|0|0|0|0|0|0|0|0,0|0|0|0|0|0|0|0|0,0|0|0|0|0|0|0|0|0,0|0|0|0|0|0|0|0|0,361,361,0.0,0.0,0.0,0.0,0,False,False
6813,ACTIVE,4,0,0,1,1,3,6,33.333333333333336,8,1,0,255,256,0,5,5,0,0,0,0|0|0|0|0|1|0|1|3,0|0|0|0|0|1|0|1|3,0|0|0|0|0|0|0|0|0,0|0|0|0|0|0|0|0|0,0|0|0|0|0|0|0|0|0,362,389,0.975263774394989,0.16001565754413605,0.9861863255500793,0.07758177816867828,1,False,False
6906,ACTIVE,4,0,0,3,3,5,4,55.55555555555556,8,1,0,255,256,0,7,7,0,0,0,0|0|0|1|0|1|1|1|3,0|0|0|1|0|1|1|1|3,0|0|0|0|0|0|0|0|0,0|0|0|0|0|0|0|0|0,0|0|0|0|0|0|0|0|0,365,398,0.9998334844907125,0.013262374326586723,0.998596986134847,0.07060176879167557,3,False,False
6915,ACTIVE,4,0,0,0,0,2,7,22.22222222222222,7,0,2,319,0,192,4,0,0,1,3,0|0|0|0|0|0|1|3|0,0|0|0|0|0|0|0|0|0,0|0|0|0|0|0|0|0|0,0|0|0|0|0|0|1|0|0,0|0|0|0|0|0|0|3|0,365,365,0.0,0.0,0.0,0.0,0,False,False
6924,ACTIVE,4,0,0,0,0,2,7,22.22222222222222,8,1,0,383,128,0,4,4,0,0,0,0|0|0|0|0|1|0|3|0,0|0|0|0|0|1|0|3|0,0|0|0|0|0|0|0|0|0,0|0|0|0|0|0|0|0|0,0|0|0|0|0|0|0|0|0,366,366,0.0,0.0,0.0,0.0,0,False,False
6929,ACTIVE,4,0,0,0,0,2,7,22.22222222222222,8,1,0,383,128,0,4,4,0,0,0,0|0|0|0|0|0|1|3|0,0|0|0|0|0|0|1|3|0,0|0|0|0|0|0|0|0|0,0|0|0|0|0|0|0|0|0,0|0|0|0|0|0|0|0|0,366,366,0.0,0.0,0.0,0.0,0,False,False
6934,ACTIVE,4,0,0,0,0,2,7,22.22222222222222,8,1,0,383,128,0,4,4,0,0,0,0|0|0|0|0|0|1|3|0,0|0|0|0|0|0|1|3|0,0|0|0|0|0|0|0|0|0,0|0|0|0|0|0|0|0|0,0|0|0|0|0|0|0|0|0,366,366,0.0,0.0,0.0,0.0,0,False,False
6938,ACTIVE,4,0,0,0,0,2,7,22.22222222222222,8,1,0,383,128,0,4,4,0,0,0,0|0|0|0|0|0|1|3|0,0|0|0|0|0|0|1|3|0,0|0|0|0|0|0|0|0|0,0|0|0|0|0|0|0|0|0,0|0|0|0|0|0|0|0|0,366,366,0.0,0.0,0.0,0.0,0,False,False
6941,ACTIVE,4,0,0,0,0,2,7,22.22222222222222,8,1,0,383,128,0,4,4,0,0,0,0|0|0|0|0|0|1|3|0,0|0|0|0|0|0|1|3|0,0|0|0|0|0|0|0|0|0,0|0|0|0|0|0|0|0|0,0|0|0|0|0|0|0|0|0,366,366,0.0,0.0,0.0,0.0,0,False,False
6945,ACTIVE,4,0,0,0,0,2,7,22.22222222222222,8,1,0,383,128,0,4,4,0,0,0,0|0|0|0|0|0|1|3|0,0|0|0|0|0|0|1|3|0,0|0|0|0|0|0|0|0|0,0|0|0|0|0|0|0|0|0,0|0|0|0|0|0|0|0|0,366,366,0.0,0.0,0.0,0.0,0,False,False
6949,ACTIVE,4,0,0,0,0,2,7,22.22222222222222,8,1,0,383,128,0,4,2,0,0,2,0|0|0|0|0|0|1|3|0,0|0|0|0|0|0|0|2|0,0|0|0|0|0|0|0|0|0,0|0|0|0|0|0|0|0|0,0|0|0|0|0|0|1|1|0,366,366,0.0,0.0,0.0,0.0,0,False,False
6960,ACTIVE,4,0,0,0,0,2,7,22.22222222222222,8,1,0,383,128,0,4,4,0,0,0,0|0|0|0|0|0|1|3|0,0|0|0|0|0|0|1|3|0,0|0|0|0|0|0|0|0|0,0|0|0|0|0|0|0|0|0,0|0|0|0|0|0|0|0|0,367,367,0.0,0.0,0.0,0.0,0,False,False
6966,ACTIVE,4,0,0,0,0,2,7,22.22222222222222,8,1,0,383,128,0,4,4,0,0,0,0|0|0|0|0|0|1|3|0,0|0|0|0|0|0|1|3|0,0|0|0|0|0|0|0|0|0,0|0|0|0|0|0|0|0|0,0|0|0|0|0|0|0|0|0,367,367,0.0,0.0,0.0,0.0,0,False,False
6968,ACTIVE,4,0,0,0,0,2,7,22.22222222222222,8,1,0,383,128,0,4,4,0,0,0,0|0|0|0|0|0|1|3|0,0|0|0|0|0|0|1|3|0,0|0|0|0|0|0|0|0|0,0|0|0|0|0|0|0|0|0,0|0|0|0|0|0|0|0|0,367,367,0.0,0.0,0.0,0.0,0,False,False
6970,ACTIVE,4,0,0,0,0,2,7,22.22222222222222,8,1,0,383,128,0,4,4,0,0,0,0|0|0|0|0|0|1|3|0,0|0|0|0|0|0|1|3|0,0|0|0|0|0|0|0|0|0,0|0|0|0|0|0|0|0|0,0|0|0|0|0|0|0|0|0,367,367,0.0,0.0,0.0,0.0,0,False,False
6972,ACTIVE,4,0,0,0,0,2,7,22.22222222222222,8,1,0,383,128,0,4,4,0,0,0,0|0|0|0|0|0|1|3|0,0|0|0|0|0|0|1|3|0,0|0|0|0|0|0|0|0|0,0|0|0|0|0|0|0|0|0,0|0|0|0|0|0|0|0|0,367,367,0.0,0.0,0.0,0.0,0,False,False
7014,ACTIVE,4,0,0,0,0,2,7,22.22222222222222,8,1,0,383,128,0,4,4,0,0,0,0|0|0|0|0|0|1|3|0,0|0|0|0|0|0|1|3|0,0|0|0|0|0|0|0|0|0,0|0|0|0|0|0|0|0|0,0|0|0|0|0|0|0|0|0,368,368,0.0,0.0,0.0,0.0,0,False,False
7016,ACTIVE,4,0,0,0,0,2,7,22.22222222222222,8,1,0,383,128,0,4,4,0,0,0,0|0|0|0|0|0|1|3|0,0|0|0|0|0|0|1|3|0,0|0|0|0|0|0|0|0|0,0|0|0|0|0|0|0|0|0,0|0|0|0|0|0|0|0|0,368,368,0.0,0.0,0.0,0.0,0,False,False
7018,ACTIVE,4,0,0,0,0,2,7,22.22222222222222,8,1,0,383,128,0,4,4,0,0,0,0|0|0|0|0|0|1|3|0,0|0|0|0|0|0|1|3|0,0|0|0|0|0|0|0|0|0,0|0|0|0|0|0|0|0|0,0|0|0|0|0|0|0|0|0,368,368,0.0,0.0,0.0,0.0,0,False,False
7020,ACTIVE,4,0,0,0,0,2,7,22.22222222222222,8,1,0,383,128,0,4,4,0,0,0,0|0|0|0|0|0|1|3|0,0|0|0|0|0|0|1|3|0,0|0|0|0|0|0|0|0|0,0|0|0|0|0|0|0|0|0,0|0|0|0|0|0|0|0|0,368,368,0.0,0.0,0.0,0.0,0,False,False
7064,ACTIVE,4,0,0,0,0,2,7,22.22222222222222,8,1,0,383,128,0,4,4,0,0,0,0|0|0|0|0|0|1|3|0,0|0|0|0|0|0|1|3|0,0|0|0|0|0|0|0|0|0,0|0|0|0|0|0|0|0|0,0|0|0|0|0|0|0|0|0,369,369,0.0,0.0,0.0,0.0,0,False,False
7067,ACTIVE,4,0,0,0,0,2,7,22.22222222222222,8,1,0,383,128,0,4,4,0,0,0,0|0|0|0|0|0|1|3|0,0|0|0|0|0|0|1|3|0,0|0|0|0|0|0|0|0|0,0|0|0|0|0|0|0|0|0,0|0|0|0|0|0|0|0|0,369,369,0.0,0.0,0.0,0.0,0,False,False
7070,ACTIVE,4,0,0,0,0,2,7,22.22222222222222,8,1,0,383,128,0,4,4,0,0,0,0|0|0|0|0|0|1|3|0,0|0|0|0|0|0|1|3|0,0|0|0|0|0|0|0|0|0,0|0|0|0|0|0|0|0|0,0|0|0|0|0|0|0|0|0,369,369,0.0,0.0,0.0,0.0,0,False,False
7109,ACTIVE,4,0,0,0,0,2,7,22.22222222222222,9,0,0,511,0,0,4,0,0,0,0,0|0|0|0|0|3|0|0|1,0|0|0|0|0|0|0|0|0,0|0|0|0|0|0|0|0|0,0|0|0|0|0|0|0|0|0,0|0|0|0|0|0|0|0|0,370,370,0.0,0.0,0.0,0.0,0,False,False
7120,ACTIVE,4,0,0,0,0,2,7,22.22222222222222,9,0,0,511,0,0,4,1,0,0,0,0|0|0|0|0|3|0|0|1,0|0|0|0|0|1|0|0|0,0|0|0|0|0|0|0|0|0,0|0|0|0|0|0|0|0|0,0|0|0|0|0|0|0|0|0,370,370,0.0,0.0,0.0,0.0,0,False,False
7123,ACTIVE,4,0,0,0,0,2,7,22.22222222222222,8,1,0,479,32,0,4,4,0,0,0,0|0|0|0|0|3|0|0|1,0|0|0|0|0|3|0|0|1,0|0|0|0|0|0|0|0|0,0|0|0|0|0|0|0|0|0,0|0|0|0|0|0|0|0|0,370,370,0.0,0.0,0.0,0.0,0,False,False
7174,ACTIVE,4,0,0,0,0,2,7,22.22222222222222,8,1,0,383,128,0,4,4,0,0,0,0|0|0|0|0|0|1|3|0,0|0|0|0|0|0|1|3|0,0|0|0|0|0|0|0|0|0,0|0|0|0|0|0|0|0|0,0|0|0|0|0|0|0|0|0,371,371,0.0,0.0,0.0,0.0,0,False,False
7179,ACTIVE,4,0,0,0,0,2,7,22.22222222222222,8,1,0,383,128,0,4,4,0,0,0,0|0|0|0|0|0|1|3|0,0|0|0|0|0|0|1|3|0,0|0|0|0|0|0|0|0|0,0|0|0|0|0|0|0|0|0,0|0|0|0|0|0|0|0|0,371,371,0.0,0.0,0.0,0.0,0,False,False
7259,ACTIVE,4,0,0,0,0,2,7,22.22222222222222,8,1,0,383,128,0,4,4,0,0,0,0|0|0|0|0|0|1|3|0,0|0|0|0|0|0|1|3|0,0|0|0|0|0|0|0|0|0,0|0|0|0|0|0|0|0|0,0|0|0|0|0|0|0|0|0,372,372,0.0,0.0,0.0,0.0,0,False,False
7263,ACTIVE,4,0,0,0,0,2,7,22.22222222222222,8,1,0,383,128,0,4,4,0,0,0,0|0|0|0|0|0|1|3|0,0|0|0|0|0|0|1|3|0,0|0|0|0|0|0|0|0|0,0|0|0|0|0|0|0|0|0,0|0|0|0|0|0|0|0|0,372,372,0.0,0.0,0.0,0.0,0,False,False
7376,ACTIVE,4,0,0,1,1,3,6,33.333333333333336,8,1,0,447,64,0,5,5,0,0,0,0|0|0|0|0|0|3|1|1,0|0|0|0|0|0|3|1|1,0|0|0|0|0|0|0|0|0,0|0|0|0|0|0|0|0|0,0|0|0|0|0|0|0|0|0,375,375,0.9994770884513855,0.0233321450650692,0.9976986646652222,0.09718906879425049,1,False,False
7377,ACTIVE,4,0,0,0,0,2,7,22.22222222222222,8,1,0,255,256,0,4,4,0,0,0,0|0|0|0|0|0|1|0|3,0|0|0|0|0|0|1|0|3,0|0|0|0|0|0|0|0|0,0|0|0|0|0|0|0|0|0,0|0|0|0|0|0|0|0|0,375,375,0.0,0.0,0.0,0.0,0,False,False
7385,ACTIVE,4,0,0,0,0,2,7,22.22222222222222,8,1,0,383,128,0,4,4,0,0,0,0|0|0|0|0|0|1|3|0,0|0|0|0|0|0|1|3|0,0|0|0|0|0|0|0|0|0,0|0|0|0|0|0|0|0|0,0|0|0|0|0|0|0|0|0,375,375,0.0,0.0,0.0,0.0,0,False,False
7387,ACTIVE,4,0,0,0,0,2,7,22.22222222222222,8,1,0,383,128,0,4,4,0,0,0,0|0|0|0|0|0|1|3|0,0|0|0|0|0|0|1|3|0,0|0|0|0|0|0|0|0|0,0|0|0|0|0|0|0|0|0,0|0|0|0|0|0|0|0|0,375,375,0.0,0.0,0.0,0.0,0,False,False
7389,ACTIVE,4,0,0,0,0,2,7,22.22222222222222,8,1,0,383,128,0,4,4,0,0,0,0|0|0|0|0|0|1|3|0,0|0|0|0|0|0|1|3|0,0|0|0|0|0|0|0|0|0,0|0|0|0|0|0|0|0|0,0|0|0|0|0|0|0|0|0,375,375,0.0,0.0,0.0,0.0,0,False,False
7391,ACTIVE,4,0,0,0,0,2,7,22.22222222222222,8,1,0,383,128,0,4,4,0,0,0,0|0|0|0|0|0|1|3|0,0|0|0|0|0|0|1|3|0,0|0|0|0|0|0|0|0|0,0|0|0|0|0|0|0|0|0,0|0|0|0|0|0|0|0|0,375,375,0.0,0.0,0.0,0.0,0,False,False
7393,ACTIVE,4,0,0,0,0,2,7,22.22222222222222,8,1,0,383,128,0,4,4,0,0,0,0|0|0|0|0|0|1|3|0,0|0|0|0|0|0|1|3|0,0|0|0|0|0|0|0|0|0,0|0|0|0|0|0|0|0|0,0|0|0|0|0|0|0|0|0,375,375,0.0,0.0,0.0,0.0,0,False,False
6532,ACTIVE,4,0,0,2,2,5,4,55.55555555555556,8,0,1,255,0,256,6,4,0,0,2,0|0|0|0|1|1|1|1|2,0|0|0|0|1|1|1|1|0,0|0|0|0|0|0|0|0|0,0|0|0|0|0|0|0|0|0,0|0|0|0|0|0|0|0|2,376,390,0.9831882417201996,0.13712378591299057,0.9989319741725922,0.06099204905331135,2,False,False
7613,ACTIVE,4,0,0,2,2,5,4,55.55555555555556,8,1,0,447,64,0,6,6,0,0,0,0|0|0|1|0|1|2|1|1,0|0|0|1|0|1|2|1|1,0|0|0|0|0|0|0|0|0,0|0|0|0|0|0|0|0|0,0|0|0|0|0|0|0|0|0,382,382,0.9994731843471527,0.024081514216959476,0.9982845783233643,0.07760118320584297,2,False,False
7617,ACTIVE,4,0,0,0,0,2,7,22.22222222222222,8,1,0,447,64,0,4,3,0,0,1,0|0|0|0|0|0|3|0|1,0|0|0|0|0|0|3|0|0,0|0|0|0|0|0|0|0|0,0|0|0|0|0|0|0|0|0,0|0|0|0|0|0|0|0|1,382,382,0.0,0.0,0.0,0.0,0,False,False
7615,ACTIVE,4,0,0,0,0,2,7,22.22222222222222,8,1,0,255,256,0,4,3,0,0,1,0|0|0|0|0|0|1|0|3,0|0|0|0|0|0|1|0|2,0|0|0|0|0|0|0|0|0,0|0|0|0|0|0|0|0|0,0|0|0|0|0|0|0|0|1,383,383,0.0,0.0,0.0,0.0,0,False,False
7632,ACTIVE,4,0,0,0,0,2,7,22.22222222222222,8,1,0,383,128,0,4,4,0,0,0,0|0|0|0|0|0|1|3|0,0|0|0|0|0|0|1|3|0,0|0|0|0|0|0|0|0|0,0|0|0|0|0|0|0|0|0,0|0|0|0|0|0|0|0|0,383,383,0.0,0.0,0.0,0.0,0,False,False
7634,ACTIVE,4,0,0,0,0,2,7,22.22222222222222,8,1,0,383,128,0,4,4,0,0,0,0|0|0|0|0|0|1|3|0,0|0|0|0|0|0|1|3|0,0|0|0|0|0|0|0|0|0,0|0|0|0|0|0|0|0|0,0|0|0|0|0|0|0|0|0,383,383,0.0,0.0,0.0,0.0,0,False,False
7636,ACTIVE,4,0,0,0,0,2,7,22.22222222222222,8,1,0,383,128,0,4,4,0,0,0,0|0|0|0|0|0|1|3|0,0|0|0|0|0|0|1|3|0,0|0|0|0|0|0|0|0|0,0|0|0|0|0|0|0|0|0,0|0|0|0|0|0|0|0|0,383,383,0.0,0.0,0.0,0.0,0,False,False
7638,ACTIVE,4,0,0,0,0,2,7,22.22222222222222,8,1,0,383,128,0,4,4,0,0,0,0|0|0|0|0|0|1|3|0,0|0|0|0|0|0|1|3|0,0|0|0|0|0|0|0|0|0,0|0|0|0|0|0|0|0|0,0|0|0|0|0|0|0|0|0,383,383,0.0,0.0,0.0,0.0,0,False,False
7640,ACTIVE,4,0,0,0,0,2,7,22.22222222222222,8,1,0,383,128,0,4,4,0,0,0,0|0|0|0|0|0|1|3|0,0|0|0|0|0|0|1|3|0,0|0|0|0|0|0|0|0|0,0|0|0|0|0|0|0|0|0,0|0|0|0|0|0|0|0|0,383,383,0.0,0.0,0.0,0.0,0,False,False
