phase,experiment,method,seed,episode,scenario_seed,initial_observation_sha256,env_reward,training_reward,steps,termination_reason,policy_safety_stop,collision,crash_vehicle,crash_object,out_of_road,goal_reached,max_steps_reached,step_cost,rmst_event_definition,rmst_event_observed,event_or_censor_time_steps,wall_time_seconds,cpu_time_seconds,average_loss,average_rnd_loss,average_rnd_bonus,replay_buffer_size,learn_steps,gamma,learning_rate,epsilon,rnd_beta,noisy_sigma_init,network_frozen,updates_during_test,action_source_counts,mean_lane_boundary_clearance,minimum_lane_boundary_clearance,mean_nearest_collision_hazard_center_distance,minimum_nearest_collision_hazard_center_distance,mean_absolute_lane_offset,maximum_absolute_lane_offset,mean_absolute_heading_error,maximum_absolute_heading_error,mean_ego_speed,maximum_ego_speed
train,Karthikeya27adv8highwayV3,Karthikeya27adv8highwayV3,17,0,17,36cac250cf1c74b886e655def0a6b7e90bd0b54615dd0ea9a46bc1a086176559,-50.0,-50.0,1,out_of_road,False,False,False,False,True,False,False,0.0,collision,False,1,0.2408474479962024,0.2410059539999998,0.0,0.0,0.0,1,0,0.99,5e-05,0.0,0.0,0.0,False,,"{""normalizer_warmup_argmax"": 1}",2.0,2.0,23.201797485351562,23.201797485351562,0.0,0.0,0.0,0.0,90.0,90.0
train,Karthikeya27adv8highwayV3,Karthikeya27adv8highwayV3,17,1,18,b6d0849ff1439293e3d4bb16eac202da6ba78c851fad02caf7268be2095b52d0,-50.0,-50.0,1,out_of_road,False,False,False,False,True,False,False,0.0,collision,False,1,0.16644085200096015,0.16661489799999973,0.0,0.0,0.0,2,0,0.99,5e-05,0.0,0.0,0.0,False,,"{""normalizer_warmup_argmax"": 1}",2.0,2.0,21.690452575683594,21.690452575683594,0.0,0.0,0.0,0.0,90.0,90.0
train,Karthikeya27adv8highwayV3,Karthikeya27adv8highwayV3,17,2,19,e57319132e11070f7b4bba3de7fb66e34a908aefcf79305f1c21497449b0ea79,-49.9,-49.9,2,out_of_road,False,False,False,False,True,False,False,0.0,collision,False,2,0.31567714500124566,0.31588113600000023,0.0,0.0,0.0,4,0,0.99,5e-05,0.0,0.0,0.0,False,,"{""normalizer_warmup_argmax"": 2}",1.4224591255187988,0.8449182510375977,35.42647361755371,21.199874877929688,0.5775408744812012,1.1550817489624023,0.6968249082565308,1.3936498165130615,99.0,108.0
train,Karthikeya27adv8highwayV3,Karthikeya27adv8highwayV3,17,3,20,0ba4a0b0cca2d731cec42c693710b70f76f988e28984e6d3ead19d81f4b1700d,-50.0,-50.0,1,out_of_road,False,False,False,False,True,False,False,0.0,collision,False,1,0.16135606299940264,0.1614876510000003,0.0,0.0,0.0,5,0,0.99,5e-05,0.0,0.0,0.0,False,,"{""normalizer_warmup_argmax"": 1}",2.0,2.0,24.384841918945312,24.384841918945312,0.0,0.0,0.0,0.0,90.0,90.0
train,Karthikeya27adv8highwayV3,Karthikeya27adv8highwayV3,17,4,21,0b97296c7f4bd20ba30779bc31e09b7940f45b5623c4985d4e66924747aa5b47,-49.95,-49.95,2,out_of_road,False,False,False,False,True,False,False,0.0,collision,False,2,0.3111060169976554,0.31135516599999935,0.0,0.0,0.0,7,0,0.99,5e-05,0.0,0.0,0.0,False,,"{""normalizer_warmup_argmax"": 2}",1.4224590063095093,0.8449180126190186,37.36396598815918,23.55971908569336,0.5775409936904907,1.1550819873809814,0.6968249082565308,1.3936498165130615,99.0,108.0
train,Karthikeya27adv8highwayV3,Karthikeya27adv8highwayV3,17,5,22,234bea4fcdd04a76f5e92a8b1fb1f556dcd02702a7e30d892a0d6eab773d1bc2,-50.0,-50.0,1,out_of_road,False,False,False,False,True,False,False,0.0,collision,False,1,0.1675696410020464,0.16751826600000008,0.0,0.0,0.0,8,0,0.99,5e-05,0.0,0.0,0.0,False,,"{""normalizer_warmup_argmax"": 1}",2.0,2.0,23.900724411010742,23.900724411010742,0.0,0.0,0.0,0.0,90.0,90.0
train,Karthikeya27adv8highwayV3,Karthikeya27adv8highwayV3,17,6,23,d5965bd5c5d113d8054c5e83b673dd0a478c33433d594c34a43c8eb1e6141014,-49.95,-49.95,2,out_of_road,False,False,False,False,True,False,False,0.0,collision,False,2,0.3151248560025124,0.31535299700000063,0.0,0.0,0.0,10,0,0.99,5e-05,0.0,0.0,0.0,False,,"{""normalizer_warmup_argmax"": 2}",1.4224590063095093,0.8449180126190186,35.730844497680664,22.633987426757812,0.5775409936904907,1.1550819873809814,0.6968249082565308,1.3936498165130615,99.0,108.0
train,Karthikeya27adv8highwayV3,Karthikeya27adv8highwayV3,17,7,24,fbb4d4a11de948817667daf09cf5e033b2a17a818efb6cc7353d8dbf6fa8851a,-49.9,-49.9,2,out_of_road,False,False,False,False,True,False,False,0.0,collision,False,2,0.31691505500202766,0.3171332719999995,0.0,0.0,0.0,12,0,0.99,5e-05,0.0,0.0,0.0,False,,"{""normalizer_warmup_argmax"": 2}",1.4224591255187988,0.8449182510375977,38.980661392211914,24.22860336303711,0.5775408744812012,1.1550817489624023,0.6968249082565308,1.3936498165130615,99.0,108.0
train,Karthikeya27adv8highwayV3,Karthikeya27adv8highwayV3,17,8,25,23f2b5a941ff6c6b32b9bfdc263775807dc36acf708aaeb24f67f88ec360b13f,-49.9,-49.9,2,out_of_road,False,False,False,False,True,False,False,0.0,collision,False,2,0.3105760500038741,0.31074525899999994,0.0,0.0,0.0,14,0,0.99,5e-05,0.0,0.0,0.0,False,,"{""normalizer_warmup_argmax"": 2}",1.4224591255187988,0.8449182510375977,36.6858024597168,22.86925506591797,0.5775408744812012,1.1550817489624023,0.6968249082565308,1.3936498165130615,99.0,108.0
train,Karthikeya27adv8highwayV3,Karthikeya27adv8highwayV3,17,9,26,c56ebf12053dd55adda84b3671df0f62f050983bb0c40d0b164d81e55286da97,-50.0,-50.0,1,out_of_road,False,False,False,False,True,False,False,0.0,collision,False,1,0.16579184000147507,0.1658598799999993,0.0,0.0,0.0,15,0,0.99,5e-05,0.0,0.0,0.0,False,,"{""normalizer_warmup_argmax"": 1}",2.0,2.0,24.125324249267578,24.125324249267578,0.0,0.0,0.0,0.0,90.0,90.0
train,Karthikeya27adv8highwayV3,Karthikeya27adv8highwayV3,17,10,27,44898b1bab27745a9aad84c77d23a1161e8e73272714614e6cbe3b7b3dd9d064,-49.95,-49.95,2,out_of_road,False,False,False,False,True,False,False,0.0,collision,False,2,0.3121307110050111,0.31232512099999976,0.0,0.0,0.0,17,0,0.99,5e-05,0.0,0.0,0.0,False,,"{""normalizer_warmup_argmax"": 2}",1.4224590063095093,0.8449180126190186,36.68548011779785,23.523540496826172,0.5775409936904907,1.1550819873809814,0.6968249082565308,1.3936498165130615,99.0,108.0
train,Karthikeya27adv8highwayV3,Karthikeya27adv8highwayV3,17,11,28,64b86254dc3d67cc7630de0e516be49207cc147997835a921e13a9a1e755ee17,-49.9,-49.9,2,out_of_road,False,False,False,False,True,False,False,0.0,collision,False,2,0.3162536270028795,0.3165137060000003,0.0,0.0,0.0,19,0,0.99,5e-05,0.0,0.0,0.0,False,,"{""normalizer_warmup_argmax"": 2}",1.4224591255187988,0.8449182510375977,35.92459297180176,22.35047149658203,0.5775408744812012,1.1550817489624023,0.6968249082565308,1.3936498165130615,99.0,108.0
train,Karthikeya27adv8highwayV3,Karthikeya27adv8highwayV3,17,12,29,5159623f55ba16b8bb6a46439836a7f946e65c43772651c205740470a27148a9,-50.0,-50.0,1,out_of_road,False,False,False,False,True,False,False,0.0,collision,False,1,0.16542005100200186,0.16546210199999933,0.0,0.0,0.0,20,0,0.99,5e-05,0.0,0.0,0.0,False,,"{""normalizer_warmup_argmax"": 1}",2.0,2.0,24.007905960083008,24.007905960083008,0.0,0.0,0.0,0.0,90.0,90.0
train,Karthikeya27adv8highwayV3,Karthikeya27adv8highwayV3,17,13,30,c8bdce8e44d52aa60f00aaa338e3c8ed336a037358d51dfc7430523c3a4a2f63,-49.95,-49.95,2,out_of_road,False,False,False,False,True,False,False,0.0,collision,False,2,0.31529026200587396,0.3155069389999996,0.0,0.0,0.0,22,0,0.99,5e-05,0.0,0.0,0.0,False,,"{""normalizer_warmup_argmax"": 2}",1.4224590063095093,0.8449180126190186,36.187150955200195,23.294387817382812,0.5775409936904907,1.1550819873809814,0.6968249082565308,1.3936498165130615,99.0,108.0
train,Karthikeya27adv8highwayV3,Karthikeya27adv8highwayV3,17,14,31,4898231b07aed8af491de857d5ac04efec755b5692a8c7b70cbf06c025c52bba,-49.9,-49.9,2,out_of_road,False,False,False,False,True,False,False,0.0,collision,False,2,0.3151998260000255,0.3154644969999998,0.0,0.0,0.0,24,0,0.99,5e-05,0.0,0.0,0.0,False,,"{""normalizer_warmup_argmax"": 2}",1.4224591255187988,0.8449182510375977,37.5023775100708,24.26740074157715,0.5775408744812012,1.1550817489624023,0.6968249082565308,1.3936498165130615,99.0,108.0
train,Karthikeya27adv8highwayV3,Karthikeya27adv8highwayV3,17,15,32,72cceaf608e8b19101fad19c9d4962d493a25bf9fcfca36e91457c2cd342bf6e,-50.0,-50.0,1,out_of_road,False,False,False,False,True,False,False,0.0,collision,False,1,0.16236359200411243,0.16245283299999969,0.0,0.0,0.0,25,0,0.99,5e-05,0.0,0.0,0.0,False,,"{""normalizer_warmup_argmax"": 1}",2.0,2.0,24.000009536743164,24.000009536743164,0.0,0.0,0.0,0.0,90.0,90.0
train,Karthikeya27adv8highwayV3,Karthikeya27adv8highwayV3,17,16,33,926921c067cc72ea456c7c0dfd16903b1517bf83aefb6d58786993d7306c15fd,-50.0,-50.0,1,out_of_road,False,False,False,False,True,False,False,0.0,collision,False,1,0.15914565599814523,0.15930649599999924,0.0,0.0,0.0,26,0,0.99,5e-05,0.0,0.0,0.0,False,,"{""normalizer_warmup_argmax"": 1}",2.0,2.0,23.686349868774414,23.686349868774414,0.0,0.0,0.0,0.0,90.0,90.0
train,Karthikeya27adv8highwayV3,Karthikeya27adv8highwayV3,17,17,34,11e19e4ea5a33c50732a37952e8f1231b683ff89eb9d0f2d01194d01eab19b1c,-49.95,-49.95,2,out_of_road,False,False,False,False,True,False,False,0.0,collision,False,2,0.3104919969991897,0.3106801269999995,0.0,0.0,0.0,28,0,0.99,5e-05,0.0,0.0,0.0,False,,"{""normalizer_warmup_argmax"": 2}",1.4224590063095093,0.8449180126190186,37.30877113342285,23.881393432617188,0.5775409936904907,1.1550819873809814,0.6968249082565308,1.3936498165130615,99.0,108.0
train,Karthikeya27adv8highwayV3,Karthikeya27adv8highwayV3,17,18,35,96901c427399cf5f138649cdcadb63fdce417b1926bb6d5e17a9f4086d74f8cd,-49.95,-49.95,2,out_of_road,False,False,False,False,True,False,False,0.0,collision,False,2,0.3115707749966532,0.31180057699999963,0.0,0.0,0.0,30,0,0.99,5e-05,0.0,0.0,0.0,False,,"{""normalizer_warmup_argmax"": 2}",1.4224590063095093,0.8449180126190186,40.749074935913086,27.104320526123047,0.5775409936904907,1.1550819873809814,0.6968249082565308,1.3936498165130615,99.0,108.0
train,Karthikeya27adv8highwayV3,Karthikeya27adv8highwayV3,17,19,36,186b30c679fc04d0316d8f2134904c7b1d98cdfbc2758d5e4c37d283324f5256,-49.9,-49.9,2,out_of_road,False,False,False,False,True,False,False,0.0,collision,False,2,0.3156433800031664,0.3158828370000002,0.0,0.0,0.0,32,0,0.99,5e-05,0.0,0.0,0.0,False,,"{""normalizer_warmup_argmax"": 2}",1.4224591255187988,0.8449182510375977,39.42451477050781,24.380027770996094,0.5775408744812012,1.1550817489624023,0.6968249082565308,1.3936498165130615,99.0,108.0
train,Karthikeya27adv8highwayV3,Karthikeya27adv8highwayV3,17,20,37,f1825f9839fa04e81d6ecbde4520d5bf8dee041a360f0996cd49ec0d0a77268f,-49.95,-49.95,2,out_of_road,False,False,False,False,True,False,False,0.0,collision,False,2,0.31903432400577003,0.3192832149999987,0.0,0.0,0.0,34,0,0.99,5e-05,0.0,0.0,0.0,False,,"{""normalizer_warmup_argmax"": 2}",1.4224590063095093,0.8449180126190186,37.480284690856934,25.059743881225586,0.5775409936904907,1.1550819873809814,0.6968249082565308,1.3936498165130615,99.0,108.0
train,Karthikeya27adv8highwayV3,Karthikeya27adv8highwayV3,17,21,38,9b6895fc8a505a2e77e9b4cb24a9c9e463072d578279b604d22aa0c87e65f28e,-49.95,-49.95,2,out_of_road,False,False,False,False,True,False,False,0.0,collision,False,2,0.3145768269969267,0.31479818100000045,0.0,0.0,0.0,36,0,0.99,5e-05,0.0,0.0,0.0,False,,"{""normalizer_warmup_argmax"": 2}",1.4224590063095093,0.8449180126190186,39.81885051727295,25.136796951293945,0.5775409936904907,1.1550819873809814,0.6968249082565308,1.3936498165130615,99.0,108.0
train,Karthikeya27adv8highwayV3,Karthikeya27adv8highwayV3,17,22,39,f0bbd3cfb1d03e99cedee7b5f1d2724548b2f7b2a78d9e279a422cdcf9ae2898,-50.0,-50.0,1,out_of_road,False,False,False,False,True,False,False,0.0,collision,False,1,0.16522272799920756,0.16544927799999876,0.0,0.0,0.0,37,0,0.99,5e-05,0.0,0.0,0.0,False,,"{""normalizer_warmup_argmax"": 1}",2.0,2.0,22.431137084960938,22.431137084960938,0.0,0.0,0.0,0.0,90.0,90.0
train,Karthikeya27adv8highwayV3,Karthikeya27adv8highwayV3,17,23,40,1482110c5fe46ae50d020a25b853f61a5b03b1a1d7dd7b09ed333c7fc329e300,-49.9,-49.9,2,out_of_road,False,False,False,False,True,False,False,0.0,collision,False,2,0.3105687490024138,0.310685458,0.0,0.0,0.0,39,0,0.99,5e-05,0.0,0.0,0.0,False,,"{""normalizer_warmup_argmax"": 2}",1.4224591255187988,0.8449182510375977,37.36221504211426,22.807662963867188,0.5775408744812012,1.1550817489624023,0.6968249082565308,1.3936498165130615,99.0,108.0
train,Karthikeya27adv8highwayV3,Karthikeya27adv8highwayV3,17,24,41,ab75af8655dfc80a9db9392ad09460fc62a447df8e453ee13653632d97acfcc3,-49.9,-49.9,2,out_of_road,False,False,False,False,True,False,False,0.0,collision,False,2,0.3213898190006148,0.3216153429999995,0.0,0.0,0.0,41,0,0.99,5e-05,0.0,0.0,0.0,False,,"{""normalizer_warmup_argmax"": 2}",1.4224591255187988,0.8449182510375977,38.471357345581055,24.765682220458984,0.5775408744812012,1.1550817489624023,0.6968249082565308,1.3936498165130615,99.0,108.0
train,Karthikeya27adv8highwayV3,Karthikeya27adv8highwayV3,17,25,42,4b3e58c94cbbe73f3e8ea874235e4776e22a63e9b3ad881cbdb284f37779310a,-49.95,-49.95,2,out_of_road,False,False,False,False,True,False,False,0.0,collision,False,2,0.3116250899984152,0.311922762,0.0,0.0,0.0,43,0,0.99,5e-05,0.0,0.0,0.0,False,,"{""normalizer_warmup_argmax"": 2}",1.4224590063095093,0.8449180126190186,40.68374156951904,26.645349502563477,0.5775409936904907,1.1550819873809814,0.6968249082565308,1.3936498165130615,99.0,108.0
train,Karthikeya27adv8highwayV3,Karthikeya27adv8highwayV3,17,26,43,25743ff443db26b3d34e747384b9438b30880d1abd9ad35b68ef13fcc4cb2ce6,-49.9,-49.9,2,out_of_road,False,False,False,False,True,False,False,0.0,collision,False,2,0.30633474299975205,0.3064595909999994,0.0,0.0,0.0,45,0,0.99,5e-05,0.0,0.0,0.0,False,,"{""normalizer_warmup_argmax"": 2}",1.4224591255187988,0.8449182510375977,38.167572021484375,24.263351440429688,0.5775408744812012,1.1550817489624023,0.6968249082565308,1.3936498165130615,99.0,108.0
train,Karthikeya27adv8highwayV3,Karthikeya27adv8highwayV3,17,27,44,d41105de7999b4d03a44cc1552bddaa06b0b0a378a2c6eb4ef3797efd44b1c12,-50.0,-50.0,1,out_of_road,False,False,False,False,True,False,False,0.0,collision,False,1,0.1600042560021393,0.1601228600000013,0.0,0.0,0.0,46,0,0.99,5e-05,0.0,0.0,0.0,False,,"{""normalizer_warmup_argmax"": 1}",2.0,2.0,26.939237594604492,26.939237594604492,0.0,0.0,0.0,0.0,90.0,90.0
train,Karthikeya27adv8highwayV3,Karthikeya27adv8highwayV3,17,28,45,a7b5fb087571b2bbfb12f94a3196b873e92ce9fe55e3d66aa46952131045752c,-50.0,-50.0,1,out_of_road,False,False,False,False,True,False,False,0.0,collision,False,1,0.16178573399520246,0.161994313000001,0.0,0.0,0.0,47,0,0.99,5e-05,0.0,0.0,0.0,False,,"{""normalizer_warmup_argmax"": 1}",2.0,2.0,26.075746536254883,26.075746536254883,0.0,0.0,0.0,0.0,90.0,90.0
train,Karthikeya27adv8highwayV3,Karthikeya27adv8highwayV3,17,29,46,ea23cc65e635b23b5c74d13bd9358f13002d981d74c916e3e0fb7f01b8d56fac,-49.9,-49.9,2,out_of_road,False,False,False,False,True,False,False,0.0,collision,False,2,0.31336434699915117,0.31358423,0.0,0.0,0.0,49,0,0.99,5e-05,0.0,0.0,0.0,False,,"{""normalizer_warmup_argmax"": 2}",1.4224591255187988,0.8449182510375977,37.08588695526123,24.14264488220215,0.5775408744812012,1.1550817489624023,0.6968249082565308,1.3936498165130615,99.0,108.0
train,Karthikeya27adv8highwayV3,Karthikeya27adv8highwayV3,17,30,47,fcbad9b75d7559db1f0574291a6c86172ab7fbfb57bdd7d474abb070d5e45bbc,-49.95,-49.95,2,out_of_road,False,False,False,False,True,False,False,0.0,collision,False,2,0.31385816400143085,0.3140953589999995,0.0,0.0,0.0,51,0,0.99,5e-05,0.0,0.0,0.0,False,,"{""normalizer_warmup_argmax"": 1, ""threshold_warmup_argmax"": 1}",1.4224590063095093,0.8449180126190186,37.03706359863281,23.189746856689453,0.5775409936904907,1.1550819873809814,0.6968249082565308,1.3936498165130615,99.0,108.0
train,Karthikeya27adv8highwayV3,Karthikeya27adv8highwayV3,17,31,48,7237252bae708874663496d472a8b95acef583f75468204ac2d16e6a6f987070,-49.95,-49.95,2,out_of_road,False,False,False,False,True,False,False,0.0,collision,False,2,0.3150136889962596,0.31516855899999996,0.0,0.0,0.0,53,0,0.99,5e-05,0.0,0.0,0.0,False,,"{""threshold_warmup_argmax"": 2}",1.4224590063095093,0.8449180126190186,39.19576644897461,24.985652923583984,0.5775409936904907,1.1550819873809814,0.6968249082565308,1.3936498165130615,99.0,108.0
train,Karthikeya27adv8highwayV3,Karthikeya27adv8highwayV3,17,32,49,d882970b89b1027439da6e2058722205213421ab6ef0236b9119bdee7e0963c8,-49.95,-49.95,2,out_of_road,False,False,False,False,True,False,False,0.0,collision,False,2,0.3147660280010314,0.31500711300000006,0.0,0.0,0.0,55,0,0.99,5e-05,0.0,0.0,0.0,False,,"{""threshold_warmup_argmax"": 2}",1.4224590063095093,0.8449180126190186,37.62815570831299,24.399911880493164,0.5775409936904907,1.1550819873809814,0.6968249082565308,1.3936498165130615,99.0,108.0
train,Karthikeya27adv8highwayV3,Karthikeya27adv8highwayV3,17,33,50,0d057205a6c8ac06c4110fd248eb981013265e3e200795c35bd7b39444e099b4,-50.0,-50.0,1,out_of_road,False,False,False,False,True,False,False,0.0,collision,False,1,0.16198410200013313,0.1621962529999994,0.0,0.0,0.0,56,0,0.99,5e-05,0.0,0.0,0.0,False,,"{""threshold_warmup_argmax"": 1}",2.0,2.0,26.064849853515625,26.064849853515625,0.0,0.0,0.0,0.0,90.0,90.0
train,Karthikeya27adv8highwayV3,Karthikeya27adv8highwayV3,17,34,51,4e934dcf0dab159665e7a1e1ac635799596c47ffa1c2899473813dc5e5b84ffa,-49.9,-49.9,2,out_of_road,False,False,False,False,True,False,False,0.0,collision,False,2,0.31100685500132386,0.3111105890000001,0.0,0.0,0.0,58,0,0.99,5e-05,0.0,0.0,0.0,False,,"{""threshold_warmup_argmax"": 2}",1.4224591255187988,0.8449182510375977,35.42790222167969,22.280742645263672,0.5775408744812012,1.1550817489624023,0.6968249082565308,1.3936498165130615,99.0,108.0
train,Karthikeya27adv8highwayV3,Karthikeya27adv8highwayV3,17,35,52,5088416f685b0bc1ab558ae618f908e8afe4082b462710fd48633fa30fa469d6,-50.0,-50.0,1,out_of_road,False,False,False,False,True,False,False,0.0,collision,False,1,0.16576553499908186,0.16589639400000067,0.0,0.0,0.0,59,0,0.99,5e-05,0.0,0.0,0.0,False,,"{""threshold_warmup_argmax"": 1}",2.0,2.0,21.777456283569336,21.777456283569336,0.0,0.0,0.0,0.0,90.0,90.0
train,Karthikeya27adv8highwayV3,Karthikeya27adv8highwayV3,17,36,53,0856eee23470df49aa03f141e3b60db91662107d166413fb04f2ad38e9134b32,-50.0,-50.0,1,out_of_road,False,False,False,False,True,False,False,0.0,collision,False,1,0.16381233699939912,0.16388644199999902,0.0,0.0,0.0,60,0,0.99,5e-05,0.0,0.0,0.0,False,,"{""threshold_warmup_argmax"": 1}",2.0,2.0,26.61762237548828,26.61762237548828,0.0,0.0,0.0,0.0,90.0,90.0
train,Karthikeya27adv8highwayV3,Karthikeya27adv8highwayV3,17,37,54,24814cb8df86ed535579ea79ee49507fdea6097483446064bbd064ab85e43e62,-49.95,-49.95,2,out_of_road,False,False,False,False,True,False,False,0.0,collision,False,2,0.31224253400432644,0.3125237849999998,0.0,0.0,0.0,62,0,0.99,5e-05,0.0,0.0,0.0,False,,"{""threshold_warmup_argmax"": 2}",1.4224590063095093,0.8449180126190186,37.16080284118652,23.1986083984375,0.5775409936904907,1.1550819873809814,0.6968249082565308,1.3936498165130615,99.0,108.0
train,Karthikeya27adv8highwayV3,Karthikeya27adv8highwayV3,17,38,55,934c9bb73cf9db6eee607d39d30fc2a9fce21d8477192fc113c954189f9fb07f,-50.0,-50.0,1,out_of_road,False,False,False,False,True,False,False,0.0,collision,False,1,0.16109815199888544,0.16121278900000036,0.0,0.0,0.0,63,0,0.99,5e-05,0.0,0.0,0.0,False,,"{""threshold_warmup_argmax"": 1}",2.0,2.0,21.882156372070312,21.882156372070312,0.0,0.0,0.0,0.0,90.0,90.0
train,Karthikeya27adv8highwayV3,Karthikeya27adv8highwayV3,17,39,56,fa70395d94883941cd942e8aa5ed87003df5010cc3bb8e589ed1ec6bdcfa94f2,-49.9,-49.9,2,out_of_road,False,False,False,False,True,False,False,0.0,collision,False,2,0.6207717380020767,0.6209196949999995,30.252223014831543,0.0,0.0,65,2,0.99,5e-05,0.0,0.0,0.0,False,,"{""threshold_warmup_argmax"": 2}",1.4224591255187988,0.8449182510375977,41.14131450653076,26.120588302612305,0.5775408744812012,1.1550817489624023,0.6968249082565308,1.3936498165130615,99.0,108.0
train,Karthikeya27adv8highwayV3,Karthikeya27adv8highwayV3,17,40,57,1dada01540208c7dd6e1f29121ff3b41b074923d918c31276cc45804ce145303,-49.95,-49.95,2,out_of_road,False,False,False,False,True,False,False,0.0,collision,False,2,0.33032652999827405,0.33028225800000044,30.24854564666748,0.0,0.0,67,4,0.99,5e-05,0.0,0.0,0.0,False,,"{""threshold_warmup_argmax"": 2}",1.4224590063095093,0.8449180126190186,39.39383602142334,24.952547073364258,0.5775409936904907,1.1550819873809814,0.6968249082565308,1.3936498165130615,99.0,108.0
train,Karthikeya27adv8highwayV3,Karthikeya27adv8highwayV3,17,41,58,d5f5eccbbfcd4aa80ee97e2ba63127b87f419a026ae46559bb695201ba699462,-49.9,-49.9,2,out_of_road,False,False,False,False,True,False,False,0.0,collision,False,2,0.32148473000415834,0.321348897,29.469636917114258,0.0,0.0,69,6,0.99,5e-05,0.0,0.0,0.0,False,,"{""threshold_warmup_argmax"": 2}",1.4224591255187988,0.8449182510375977,35.88128852844238,22.193340301513672,0.5775408744812012,1.1550817489624023,0.6968249082565308,1.3936498165130615,99.0,108.0
train,Karthikeya27adv8highwayV3,Karthikeya27adv8highwayV3,17,42,59,2d2f35bb7b42fc729d7b5f731f9d377856548224762225667c12ec8a258269bb,-50.0,-50.0,1,out_of_road,False,False,False,False,True,False,False,0.0,collision,False,1,0.1629573359969072,0.16290400900000002,29.465560913085938,0.0,0.0,70,7,0.99,5e-05,0.0,0.0,0.0,False,,"{""threshold_warmup_argmax"": 1}",2.0,2.0,22.714738845825195,22.714738845825195,0.0,0.0,0.0,0.0,90.0,90.0
train,Karthikeya27adv8highwayV3,Karthikeya27adv8highwayV3,17,43,60,76dcbfb3c7f4370f0e6fc4857b48ed0d81f7f38afc505008ca55563030fb7ed0,-49.95,-49.95,2,out_of_road,False,False,False,False,True,False,False,0.0,collision,False,2,0.32080926799972076,0.32075820300000046,31.78837490081787,0.0,0.0,72,9,0.99,5e-05,0.0,0.0,0.0,False,,"{""threshold_warmup_argmax"": 2}",1.4224590063095093,0.8449180126190186,39.01533126831055,25.02935791015625,0.5775409936904907,1.1550819873809814,0.6968249082565308,1.3936498165130615,99.0,108.0
train,Karthikeya27adv8highwayV3,Karthikeya27adv8highwayV3,17,44,61,4fe3b1abf9f2a3d277b4a5e5b97a8e951fb00fffcd5761032545059d97e48d22,-49.9,-49.9,2,out_of_road,False,False,False,False,True,False,False,0.0,collision,False,2,0.31831897200027015,0.31825464099999934,30.234204292297363,0.0,0.0,74,11,0.99,5e-05,0.0,0.0,0.0,False,,"{""threshold_warmup_argmax"": 2}",1.4224591255187988,0.8449182510375977,39.7556209564209,25.070999145507812,0.5775408744812012,1.1550817489624023,0.6968249082565308,1.3936498165130615,99.0,108.0
train,Karthikeya27adv8highwayV3,Karthikeya27adv8highwayV3,17,45,62,dbf7e5e15e778b42d5eb4035eaacc66de089fa3ac301355d26a8b262015304cb,-49.9,-49.9,2,out_of_road,False,False,False,False,True,False,False,0.0,collision,False,2,0.3200422560039442,0.3199645319999984,30.6176176071167,0.0,0.0,76,13,0.99,5e-05,0.0,0.0,0.0,False,,"{""threshold_warmup_argmax"": 2}",1.4224591255187988,0.8449182510375977,37.09030723571777,23.259628295898438,0.5775408744812012,1.1550817489624023,0.6968249082565308,1.3936498165130615,99.0,108.0
train,Karthikeya27adv8highwayV3,Karthikeya27adv8highwayV3,17,46,63,39faaec77f94debabc3d081e14b8b051cb6fb8c9ca9715b907d4b1a6fd9bd02e,-49.9,-49.9,2,out_of_road,False,False,False,False,True,False,False,0.0,collision,False,2,0.32650817199464655,0.3263943150000017,28.29016876220703,0.0,0.0,78,15,0.99,5e-05,0.0,0.0,0.0,False,,"{""threshold_warmup_argmax"": 2}",1.4224591255187988,0.8449182510375977,36.13141059875488,23.110504150390625,0.5775408744812012,1.1550817489624023,0.6968249082565308,1.3936498165130615,99.0,108.0
train,Karthikeya27adv8highwayV3,Karthikeya27adv8highwayV3,17,47,64,86781ba717a66555e3d30c53e06764742a9d4e091a54cf5956ef72e70ed72d19,-49.9,-49.9,2,out_of_road,False,False,False,False,True,False,False,0.0,collision,False,2,0.3198285769976792,0.3197552090000002,30.223695755004883,0.0,0.0,80,17,0.99,5e-05,0.0,0.0,0.0,False,,"{""threshold_warmup_argmax"": 2}",1.4224591255187988,0.8449182510375977,35.24255657196045,22.348955154418945,0.5775408744812012,1.1550817489624023,0.6968249082565308,1.3936498165130615,99.0,108.0
train,Karthikeya27adv8highwayV3,Karthikeya27adv8highwayV3,17,48,65,f304949abeef8fa0f29791b23b0cbff539e1b2aae3624a099bce177d917d384d,-49.95,-49.95,2,out_of_road,False,False,False,False,True,False,False,0.0,collision,False,2,0.31907516899809707,0.31898670600000045,29.057656288146973,0.0,0.0,82,19,0.99,5e-05,0.0,0.0,0.0,False,,"{""threshold_warmup_argmax"": 2}",1.4224590063095093,0.8449180126190186,36.4552001953125,22.180770874023438,0.5775409936904907,1.1550819873809814,0.6968249082565308,1.3936498165130615,99.0,108.0
train,Karthikeya27adv8highwayV3,Karthikeya27adv8highwayV3,17,49,66,860f76d7f2cae39db5628f8e46fe63628a5794ceb1ab4c3da82ea002250b4c01,-50.0,-50.0,1,out_of_road,False,False,False,False,True,False,False,0.0,collision,False,1,0.16648768799495883,0.16646650200000224,31.765256881713867,0.0,0.0,83,20,0.99,5e-05,0.0,0.0,0.0,False,,"{""threshold_warmup_argmax"": 1}",2.0,2.0,23.398284912109375,23.398284912109375,0.0,0.0,0.0,0.0,90.0,90.0
train,Karthikeya27adv8highwayV3,Karthikeya27adv8highwayV3,17,50,67,aacb97ca56c0a38d6f31a57bb4ae1df07236dbb0d1b9d206eef36c0c011a5ddd,-50.0,-50.0,1,out_of_road,False,False,False,False,True,False,False,0.0,collision,False,1,0.16316827200353146,0.16314456299999947,30.214611053466797,0.0,0.0,84,21,0.99,5e-05,0.0,0.0,0.0,False,,"{""threshold_warmup_argmax"": 1}",2.0,2.0,23.12617301940918,23.12617301940918,0.0,0.0,0.0,0.0,90.0,90.0
train,Karthikeya27adv8highwayV3,Karthikeya27adv8highwayV3,17,51,68,454d28a1cb2116c1c02b5805764aa977504f578dfe3624511a5d9b425acaf4b1,-49.9,-49.9,2,out_of_road,False,False,False,False,True,False,False,0.0,collision,False,2,0.3232272270033718,0.32315293399999945,29.437767028808594,0.0,0.0,86,23,0.99,5e-05,0.0,0.0,0.0,False,,"{""threshold_warmup_argmax"": 2}",1.4224591255187988,0.8449182510375977,39.5432243347168,24.676971435546875,0.5775408744812012,1.1550817489624023,0.6968249082565308,1.3936498165130615,99.0,108.0
train,Karthikeya27adv8highwayV3,Karthikeya27adv8highwayV3,17,52,69,64277adb986b483b39e47957da49f33810e5120758ecb4ec3649516cd2ae1804,-50.0,-50.0,1,out_of_road,False,False,False,False,True,False,False,0.0,collision,False,1,0.15992070899665123,0.15999635900000087,30.982959747314453,0.0,0.0,87,24,0.99,5e-05,0.0,0.0,0.0,False,,"{""threshold_warmup_argmax"": 1}",2.0,2.0,25.92307472229004,25.92307472229004,0.0,0.0,0.0,0.0,90.0,90.0
train,Karthikeya27adv8highwayV3,Karthikeya27adv8highwayV3,17,53,70,e65e04f3316e973285048c1a06de7880a0be7bbbeade16e58be7a37d33e5f9a0,-50.0,-50.0,1,out_of_road,False,False,False,False,True,False,False,0.0,collision,False,1,0.16183617800561478,0.16178414599999869,30.982942581176758,0.0,0.0,88,25,0.99,5e-05,0.0,0.0,0.0,False,,"{""threshold_warmup_argmax"": 1}",2.0,2.0,25.5169677734375,25.5169677734375,0.0,0.0,0.0,0.0,90.0,90.0
train,Karthikeya27adv8highwayV3,Karthikeya27adv8highwayV3,17,54,71,a87d4bab15276253eb2e7f4a96cdb1a4271638814afa0481c410497de5c2ca01,-50.0,-50.0,1,out_of_road,False,False,False,False,True,False,False,0.0,collision,False,1,0.16348995300359093,0.16345711900000026,30.206758499145508,0.0,0.0,89,26,0.99,5e-05,0.0,0.0,0.0,False,,"{""threshold_warmup_argmax"": 1}",2.0,2.0,26.156614303588867,26.156614303588867,0.0,0.0,0.0,0.0,90.0,90.0
train,Karthikeya27adv8highwayV3,Karthikeya27adv8highwayV3,17,55,72,d8f3f3b4702ba2b45663506f4fcaaed597b8bb8247a796142c5286fdf5447468,-50.0,-50.0,1,out_of_road,False,False,False,False,True,False,False,0.0,collision,False,1,0.1643178180020186,0.16430354499999922,31.75206756591797,0.0,0.0,90,27,0.99,5e-05,0.0,0.0,0.0,False,,"{""threshold_warmup_argmax"": 1}",2.0,2.0,21.371078491210938,21.371078491210938,0.0,0.0,0.0,0.0,90.0,90.0
train,Karthikeya27adv8highwayV3,Karthikeya27adv8highwayV3,17,56,73,d017dc1f9f57b0060c30934251859f310901d4d80d1c35daf2bfaf2094305add,-50.0,-50.0,1,out_of_road,False,False,False,False,True,False,False,0.0,collision,False,1,0.16826101299375296,0.1682230760000003,32.52515411376953,0.0,0.0,91,28,0.99,5e-05,0.0,0.0,0.0,False,,"{""threshold_warmup_argmax"": 1}",2.0,2.0,25.800708770751953,25.800708770751953,0.0,0.0,0.0,0.0,90.0,90.0
train,Karthikeya27adv8highwayV3,Karthikeya27adv8highwayV3,17,57,74,69b3a13d3be1cc7e8965b0ebe565e830f3afa31e3b5f376128080713a155c6ce,-50.0,-50.0,1,out_of_road,False,False,False,False,True,False,False,0.0,collision,False,1,0.16631844299990917,0.16627590999999953,33.29792785644531,0.0,0.0,92,29,0.99,5e-05,0.0,0.0,0.0,False,,"{""threshold_warmup_argmax"": 1}",2.0,2.0,26.14397621154785,26.14397621154785,0.0,0.0,0.0,0.0,90.0,90.0
train,Karthikeya27adv8highwayV3,Karthikeya27adv8highwayV3,17,58,75,ebb28b0a4513b06ba1298879ac12c8202cddf959737ce69bdcfed065edf10977,-50.0,-50.0,2,out_of_road,False,False,False,False,True,False,False,0.0,collision,False,2,0.3158799660013756,0.31569776400000293,31.360353469848633,0.0,0.0,94,31,0.99,5e-05,0.0,0.0,0.0,False,,"{""threshold_warmup_argmax"": 2}",1.5405272245407104,1.081054449081421,40.15393543243408,25.255556106567383,0.45947274565696716,0.9189454913139343,0.9055246114730835,1.811049222946167,90.0,90.0
train,Karthikeya27adv8highwayV3,Karthikeya27adv8highwayV3,17,59,76,c5f4878a832d80dd9041010a9701681d646317a30a0fa328702ce4ca5b62006d,-50.0,-50.0,2,out_of_road,False,False,False,False,True,False,False,0.0,collision,False,2,0.31777264200354693,0.3178392940000023,32.13143444061279,0.0,0.0,96,33,0.99,5e-05,0.0,0.0,0.0,False,,"{""threshold_warmup_argmax"": 2}",1.5405272245407104,1.081054449081421,40.786683082580566,25.467771530151367,0.45947274565696716,0.9189454913139343,0.9055246114730835,1.811049222946167,90.0,90.0
train,Karthikeya27adv8highwayV3,Karthikeya27adv8highwayV3,17,60,77,d365dc203475247cf2b7a4dab55df4c72ca6b590a4b07f261bf7a91a7517b7e8,-50.0,-50.0,1,out_of_road,False,False,False,False,True,False,False,0.0,collision,False,1,0.16431771000497974,0.1642877640000009,33.290584564208984,0.0,0.0,97,34,0.99,5e-05,0.0,0.0,0.0,False,,"{""threshold_warmup_argmax"": 1}",2.0,2.0,23.80060577392578,23.80060577392578,0.0,0.0,0.0,0.0,90.0,90.0
train,Karthikeya27adv8highwayV3,Karthikeya27adv8highwayV3,17,61,78,f7a75f6d3208fb15ded7c464c411b4f30df824a691f620338910dd5b748cc1e6,-49.95,-49.95,2,out_of_road,False,False,False,False,True,False,False,0.0,collision,False,2,0.31981246400391683,0.31981853300000296,29.80516529083252,0.0,0.0,99,36,0.99,5e-05,0.0,0.0,0.0,False,,"{""threshold_warmup_argmax"": 2}",1.5405272245407104,1.081054449081421,39.04416275024414,25.663753509521484,0.45947277545928955,0.9189455509185791,0.9055246114730835,1.811049222946167,90.0,90.0
train,Karthikeya27adv8highwayV3,Karthikeya27adv8highwayV3,17,62,79,e7c5cbd8870d88f571e6f7a8d058a9b9b438fb55560252fffae29ffaaa2ad07d,-50.0,-50.0,1,out_of_road,False,False,False,False,True,False,False,0.0,collision,False,1,0.16602882000006502,0.1660900810000001,32.5137825012207,0.0,0.0,100,37,0.99,5e-05,0.0,0.0,0.0,False,,"{""threshold_warmup_argmax"": 1}",2.0,2.0,23.692684173583984,23.692684173583984,0.0,0.0,0.0,0.0,90.0,90.0
train,Karthikeya27adv8highwayV3,Karthikeya27adv8highwayV3,17,63,80,4f21fd70bd290577481c19cb60490e4b981f2bebbd7524a8be4698cf977f30d6,-49.4,-49.4,2,out_of_road,False,False,False,False,True,False,False,0.0,collision,False,2,0.30952997699932894,0.30945158999999833,30.578482627868652,0.0,0.0,102,39,0.99,5e-05,0.0,0.0,0.0,False,,"{""candidate_created_argmax__candidate_unknown"": 1, ""promoted_pool_first_best_available"": 1}",2.0,2.0,21.156227111816406,19.125350952148438,0.0,0.0,0.0,0.0,90.0,90.0
train,Karthikeya27adv8highwayV3,Karthikeya27adv8highwayV3,17,64,81,5f6e1d98a90f75b10572ea00aea3f8d6b3053d9f31128f41c270e8f00738cdc4,-49.95,-49.95,2,out_of_road,False,False,False,False,True,False,False,0.0,collision,False,2,0.31814903800113825,0.3180922360000018,31.347309112548828,0.0,0.0,104,41,0.99,5e-05,0.0,0.0,0.0,False,,"{""candidate_created_argmax__candidate_unknown"": 2}",1.4224590063095093,0.8449180126190186,39.14083290100098,25.42034912109375,0.5775409936904907,1.1550819873809814,0.6968249082565308,1.3936498165130615,99.0,108.0
train,Karthikeya27adv8highwayV3,Karthikeya27adv8highwayV3,17,65,82,37b4556f0139b9a4add554742c2ad21bc8b188e4dc6422273344e1605ce98785,-50.0,-50.0,1,out_of_road,False,False,False,False,True,False,False,0.0,collision,False,1,0.16570396099996287,0.16568790899999897,31.733366012573242,0.0,0.0,105,42,0.99,5e-05,0.0,0.0,0.0,False,,"{""candidate_created_argmax__candidate_unknown"": 1}",2.0,2.0,25.350479125976562,25.350479125976562,0.0,0.0,0.0,0.0,90.0,90.0
train,Karthikeya27adv8highwayV3,Karthikeya27adv8highwayV3,17,66,83,e3c12ae61e8b3af60aaedbc5db2e403849558f79dae15bd641f52d8ca91086eb,-50.0,-50.0,1,out_of_road,False,False,False,False,True,False,False,0.0,collision,False,1,0.16743267600395484,0.16730471400000013,30.18128204345703,0.0,0.0,106,43,0.99,5e-05,0.0,0.0,0.0,False,,"{""candidate_created_argmax__candidate_unknown"": 1}",2.0,2.0,24.402990341186523,24.402990341186523,0.0,0.0,0.0,0.0,90.0,90.0
train,Karthikeya27adv8highwayV3,Karthikeya27adv8highwayV3,17,67,84,681bc729124cdbe921d3c764fdb2f85176b8cac8b8e861cd692bd546629fe55a,-50.0,-50.0,1,out_of_road,False,False,False,False,True,False,False,0.0,collision,False,1,0.16671512000175426,0.16677479500000203,30.95772933959961,0.0,0.0,107,44,0.99,5e-05,0.0,0.0,0.0,False,,"{""candidate_created_argmax__candidate_unknown"": 1}",2.0,2.0,26.39057731628418,26.39057731628418,0.0,0.0,0.0,0.0,90.0,90.0
train,Karthikeya27adv8highwayV3,Karthikeya27adv8highwayV3,17,68,85,1a3e8a07c30b092b503099ef548930aad679dda7152da4ad2fbd057cdd5aede9,-50.0,-50.0,1,out_of_road,False,False,False,False,True,False,False,0.0,collision,False,1,0.16604024099797243,0.16610340100000087,32.498291015625,0.0,0.0,108,45,0.99,5e-05,0.0,0.0,0.0,False,,"{""candidate_created_argmax__candidate_unknown"": 1}",2.0,2.0,24.854040145874023,24.854040145874023,0.0,0.0,0.0,0.0,90.0,90.0
train,Karthikeya27adv8highwayV3,Karthikeya27adv8highwayV3,17,69,86,f5d0afe0fce84beb4d68366baa11d6447359bce1ddfacb74587ad0312ae809cb,-46.4,-46.4,7,collision,False,True,True,False,True,False,False,0.0,collision,True,7,1.092719592001231,1.0923919190000007,31.28715705871582,0.0,0.0,115,52,0.99,5e-05,0.0,0.0,0.0,False,,"{""candidate_created_argmax__candidate_unknown"": 6, ""promoted_pool_first_best_available"": 1}",2.0,2.0,13.65746361868722,8.128602027893066,0.0,0.0,0.0,0.0,90.0,90.0
train,Karthikeya27adv8highwayV3,Karthikeya27adv8highwayV3,17,70,87,ff9e5e612979a37f16416824b416a9b552671069262cca9d6b34decaf928f5d1,-50.0,-50.0,2,out_of_road,False,False,False,False,True,False,False,0.0,collision,False,2,0.31840431300224736,0.318402871,31.72649574279785,0.0,0.0,117,54,0.99,5e-05,0.0,0.0,0.0,False,,"{""candidate_created_argmax__candidate_unknown"": 1, ""permanent_pool_best_available"": 1}",1.5405272245407104,1.081054449081421,37.32823181152344,22.947738647460938,0.45947274565696716,0.9189454913139343,0.9055246114730835,1.811049222946167,90.0,90.0
train,Karthikeya27adv8highwayV3,Karthikeya27adv8highwayV3,17,71,88,460408bb5cbbf8e965e9c8b1abd8c302249093fa192cc6420cd069d9d670723a,-48.85,-48.85,3,out_of_road,False,False,False,False,True,False,False,0.0,collision,False,3,0.4695960019962513,0.46933495100000044,29.155946095784504,0.0,0.0,120,57,0.99,5e-05,0.0,0.0,0.0,False,,"{""candidate_created_argmax__candidate_unknown"": 2, ""permanent_pool_best_available"": 1}",1.484836260477702,0.45450878143310547,29.947106043497723,19.570175170898438,0.5151637395222982,1.5454912185668945,0.4446737766265869,1.3340213298797607,96.0,108.0
train,Karthikeya27adv8highwayV3,Karthikeya27adv8highwayV3,17,72,89,c12e3a2a05cbd71ed31cfd90e5fa6187615427c078aecb77f6288ff0fe5a7fbf,-49.35,-49.35,3,out_of_road,False,False,False,False,True,False,False,0.0,collision,False,3,0.4669049360018107,0.46675278200000037,27.60676638285319,0.0,0.0,123,60,0.99,5e-05,0.0,0.0,0.0,False,,"{""candidate_created_argmax__candidate_unknown"": 1, ""permanent_pool_best_available"": 1, ""promoted_pool_first_best_available"": 1}",1.6936848163604736,1.081054449081421,30.252635955810547,19.914325714111328,0.30631518363952637,0.9189455509185791,0.603683074315389,1.811049222946167,90.0,90.0
train,Karthikeya27adv8highwayV3,Karthikeya27adv8highwayV3,17,73,90,7608e010784a002bc334553954542298f0942f49afc334823a70f66d3ff18399,-49.9,-49.9,2,out_of_road,False,False,False,False,True,False,False,0.0,collision,False,2,0.3176256669976283,0.31750632800000034,27.091620445251465,0.0,0.0,125,62,0.99,5e-05,0.0,0.0,0.0,False,,"{""candidate_created_argmax__candidate_unknown"": 1, ""permanent_pool_best_available"": 1}",1.4224591255187988,0.8449182510375977,36.94943809509277,23.361846923828125,0.5775408744812012,1.1550817489624023,0.6968249082565308,1.3936498165130615,99.0,108.0
train,Karthikeya27adv8highwayV3,Karthikeya27adv8highwayV3,17,74,91,78dbd1229c114d910bc2941a7f72501ae19d43c38154e1e32182ea3ab587ed36,-49.699999999999996,-49.699999999999996,4,out_of_road,False,False,False,False,True,False,False,0.0,collision,False,4,0.6259141949994955,0.6258540159999981,28.630451202392578,0.0,0.0,129,66,0.99,5e-05,0.0,0.0,0.0,False,,"{""candidate_created_argmax__candidate_unknown"": 2, ""permanent_pool_best_available"": 1, ""promoted_pool_first_best_available"": 1}",2.0,2.0,22.15667152404785,20.979955673217773,0.0,0.0,0.0,0.0,76.5,90.0
train,Karthikeya27adv8highwayV3,Karthikeya27adv8highwayV3,17,75,92,367ff5dcd77ed48e5a49d356f296bcf7fb25b48dda3a5c177660915e4f3f96cd,-48.9,-48.9,3,out_of_road,False,False,False,False,True,False,False,0.0,collision,False,3,0.4692225159960799,0.4690609030000026,27.3326358795166,0.0,0.0,132,69,0.99,5e-05,0.0,0.0,0.0,False,,"{""candidate_created_argmax__candidate_unknown"": 2, ""promoted_pool_first_best_available"": 1}",2.0,2.0,19.12612183888753,15.519862174987793,0.0,0.0,0.0,0.0,90.0,90.0
train,Karthikeya27adv8highwayV3,Karthikeya27adv8highwayV3,17,76,93,561a6064fe3deddb79071c30868c3764e139f3b2b45d5c09524f0fbed76b3566,-43.9,-43.9,11,collision,False,True,True,False,False,False,False,0.0,collision,True,11,1.7034751739993226,1.7028915500000004,27.64004898071289,0.0,0.0,143,80,0.99,5e-05,0.0,0.0,0.0,False,,"{""candidate_created_argmax__candidate_unknown"": 11}",2.0,2.0,13.02243778922341,7.223114013671875,0.0,0.0,0.0,0.0,90.0,90.0
train,Karthikeya27adv8highwayV3,Karthikeya27adv8highwayV3,17,77,94,34529dc1634658388fabc2a1ffa83098415468e471e6b4088aa9d30dfbcf252f,-49.0,-49.0,3,out_of_road,False,False,False,False,True,False,False,0.0,collision,False,3,0.4789647950019571,0.4790075680000001,25.536725997924805,0.0,0.0,146,83,0.99,5e-05,0.0,0.0,0.0,False,,"{""candidate_created_argmax__candidate_unknown"": 2, ""promoted_pool_first_best_available"": 1}",2.0,2.0,18.97640260060628,15.742085456848145,0.0,0.0,0.0,0.0,90.0,90.0
train,Karthikeya27adv8highwayV3,Karthikeya27adv8highwayV3,17,78,95,83e3e2f463f3cd8016b56fd94ba48963f15a87dc06db825aca04cfc724591b30,-50.0,-50.0,2,out_of_road,False,False,False,False,True,False,False,0.0,collision,False,2,0.32188124600361334,0.32180403499999954,24.369622230529785,0.0,0.0,148,85,0.99,5e-05,0.0,0.0,0.0,False,,"{""candidate_created_argmax__candidate_unknown"": 1, ""permanent_pool_best_available"": 1}",1.422459065914154,0.8449181318283081,36.47251319885254,22.59442138671875,0.577540934085846,1.155081868171692,0.6968249082565308,1.3936498165130615,99.0,108.0
train,Karthikeya27adv8highwayV3,Karthikeya27adv8highwayV3,17,79,96,401e9bab837929e2742a24f3335f9c02f88e52cd300095fa8ac33332ef982fc9,-50.0,-50.0,2,out_of_road,False,False,False,False,True,False,False,0.0,collision,False,2,0.3214575120000518,0.3213968680000008,26.677364349365234,0.0,0.0,150,87,0.99,5e-05,0.0,0.0,0.0,False,,"{""candidate_created_argmax__candidate_unknown"": 1, ""permanent_pool_best_available"": 1}",1.513327956199646,1.026655912399292,38.15054893493652,23.762481689453125,0.486672043800354,0.973344087600708,1.1142243146896362,2.2284486293792725,81.0,90.0
train,Karthikeya27adv8highwayV3,Karthikeya27adv8highwayV3,17,80,97,9847a8234c123fe9e105078089433af84f846cd858b53ce5249cc78d9436d05a,-49.4,-49.4,3,out_of_road,False,False,False,False,True,False,False,0.0,collision,False,3,0.4661743439937709,0.4662536039999985,26.556013107299805,0.0,0.0,153,90,0.99,5e-05,0.0,0.0,0.0,False,,"{""candidate_created_argmax__candidate_unknown"": 1, ""permanent_pool_best_available"": 1, ""promoted_pool_first_best_available"": 1}",1.6755520502726238,1.026656150817871,33.73947970072428,24.023242950439453,0.3244479497273763,0.9733438491821289,0.7428162097930908,2.2284486293792725,84.0,90.0
train,Karthikeya27adv8highwayV3,Karthikeya27adv8highwayV3,17,81,98,78f3b1b0cf061d63a7c4ab0a6083f98c53e0b993832195d310045e7dddf76417,-49.45,-49.45,2,out_of_road,False,False,False,False,True,False,False,0.0,collision,False,2,0.3259175819985103,0.32597123800000105,23.982165336608887,0.0,0.0,155,92,0.99,5e-05,0.0,0.0,0.0,False,,"{""candidate_created_argmax__candidate_unknown"": 1, ""promoted_pool_first_best_available"": 1}",2.0,2.0,20.309938430786133,18.381433486938477,0.0,0.0,0.0,0.0,90.0,90.0
train,Karthikeya27adv8highwayV3,Karthikeya27adv8highwayV3,17,82,99,2e93a341004d25fb433b8322e0d8bf2ed224d7fdeec7f12d9fa01d293c572077,-34.50000000000003,-34.50000000000003,15,collision,False,True,True,False,False,False,False,0.0,collision,True,15,2.3346565350002493,2.3355496430000002,24.307444381713868,0.0,0.0,170,107,0.99,5e-05,0.0,0.0,0.0,False,,"{""candidate_created_argmax__candidate_unknown"": 14, ""permanent_pool_best_available"": 1}",2.0,2.0,12.102841218312582,4.359325408935547,0.0,0.0,0.0,0.0,106.8,108.0
train,Karthikeya27adv8highwayV3,Karthikeya27adv8highwayV3,17,83,100,bbb70a5efbccbeb88fb9175c4b6672ec25be6daff1b58e52319ec4613a50d6e7,-50.0,-50.0,1,out_of_road,False,False,False,False,True,False,False,0.0,collision,False,1,0.16283037399989553,0.1628762409999993,22.50202178955078,0.0,0.0,171,108,0.99,5e-05,0.0,0.0,0.0,False,,"{""candidate_merged_active_pool_best_available__active_initial_pass_last_action_pending_unknown_pass"": 1}",2.0,2.0,21.148468017578125,21.148468017578125,0.0,0.0,0.0,0.0,90.0,90.0
train,Karthikeya27adv8highwayV3,Karthikeya27adv8highwayV3,17,84,101,c9d3ca7a94bf60c768c7f1c7dfc462f75ecd74439c1df48a58dea92d2515e0e7,-50.0,-50.0,1,out_of_road,False,False,False,False,True,False,False,0.0,collision,False,1,0.1688226289988961,0.16894236000000262,25.521902084350586,0.0,0.0,172,109,0.99,5e-05,0.0,0.0,0.0,False,,"{""permanent_pool_best_available"": 1}",2.0,2.0,26.003482818603516,26.003482818603516,0.0,0.0,0.0,0.0,90.0,90.0
train,Karthikeya27adv8highwayV3,Karthikeya27adv8highwayV3,17,85,102,7de9f5671bb49bc3933aa172dc796d94be6ae6c9e034037bff262c893be72639,-48.9,-48.9,4,out_of_road,False,False,False,False,True,False,False,0.0,collision,False,4,0.619161045004148,0.6196148259999994,25.3476881980896,0.0,0.0,176,113,0.99,5e-05,0.0,0.0,0.0,False,,"{""candidate_created_argmax__candidate_unknown"": 3, ""promoted_pool_first_best_available"": 1}",1.7702636122703552,1.081054449081421,29.124356746673584,20.41065216064453,0.22973637282848358,0.9189454913139343,0.45276230573654175,1.811049222946167,90.0,90.0
train,Karthikeya27adv8highwayV3,Karthikeya27adv8highwayV3,17,86,103,5f5661674a0cb908ae995f9ae52e0d624347bdcfcbe46df1ec478cc7ff54e3a4,-33.40000000000002,-33.40000000000002,16,collision,False,True,True,False,False,False,False,0.0,collision,True,16,2.4860881640051957,2.4856713389999996,23.429051756858826,0.0,0.0,192,129,0.99,5e-05,0.0,0.0,0.0,False,,"{""candidate_created_argmax__candidate_unknown"": 15, ""permanent_pool_best_available"": 1}",2.0,2.0,10.073841780424118,4.072728157043457,0.0,0.0,0.0,0.0,106.875,108.0
train,Karthikeya27adv8highwayV3,Karthikeya27adv8highwayV3,17,87,104,e337bdd75e6d76edd1a2c6893375a73a22c2109f4e45ef15363ab81cd2350b31,-50.0,-50.0,1,out_of_road,False,False,False,False,True,False,False,0.0,collision,False,1,0.16875609899580013,0.16889846800000186,23.238561630249023,0.0,0.0,193,130,0.99,5e-05,0.0,0.0,0.0,False,,"{""permanent_pool_best_available"": 1}",2.0,2.0,21.393539428710938,21.393539428710938,0.0,0.0,0.0,0.0,90.0,90.0
train,Karthikeya27adv8highwayV3,Karthikeya27adv8highwayV3,17,88,105,fc0a3d294bcd1b62c67fa7fc5629a6ebb2f3479e8b9306f1981ddaa07f891b4d,-44.00000000000001,-44.00000000000001,6,collision,False,True,True,False,False,False,False,0.0,collision,True,6,0.9376105269984691,0.937341184999994,22.211846033732098,0.0,0.0,199,136,0.99,5e-05,0.0,0.0,0.0,False,,"{""candidate_created_argmax__candidate_unknown"": 5, ""permanent_pool_best_available"": 1}",2.0,2.0,13.337796688079834,5.182236671447754,0.0,0.0,0.0,0.0,105.0,108.0
train,Karthikeya27adv8highwayV3,Karthikeya27adv8highwayV3,17,89,106,c88e20a2d9f1a4a201a196db7dd519619effb4cf3f601f4fd1a65ce06a59d114,-49.45,-49.45,2,out_of_road,False,False,False,False,True,False,False,0.0,collision,False,2,0.3168382880030549,0.3168421600000002,19.38445281982422,0.0,0.0,201,138,0.99,5e-05,0.0,0.0,0.0,False,,"{""candidate_created_argmax__candidate_unknown"": 1, ""permanent_pool_best_available"": 1}",2.0,2.0,21.227380752563477,19.33628273010254,0.0,0.0,0.0,0.0,90.0,90.0
train,Karthikeya27adv8highwayV3,Karthikeya27adv8highwayV3,17,90,107,a54048f86552fa4d8eb9e8dc45895bea90d2c87400c03e45d316c18a21238c39,-42.0,-42.0,17,collision,False,True,True,False,False,False,False,0.0,collision,True,17,2.629961277001712,2.629067888999998,22.21074463339413,0.0,0.0,218,155,0.99,5e-05,0.0,0.0,0.0,False,,"{""final_phase_pure_dqn_argmax"": 17}",,,,,,,,,,
train,Karthikeya27adv8highwayV3,Karthikeya27adv8highwayV3,17,91,108,9626caf65ee35d9884f57aa603ce3a1be809e709344fb4186916a25fb81b3840,-40.0,-40.0,21,collision,False,True,True,False,False,False,False,0.0,collision,True,21,3.1817759640034637,3.180680588999998,19.21684355962844,0.0,0.0,239,176,0.99,5e-05,0.0,0.0,0.0,False,,"{""final_phase_pure_dqn_argmax"": 21}",,,,,,,,,,
train,Karthikeya27adv8highwayV3,Karthikeya27adv8highwayV3,17,92,109,7a3c204f740838c4b2b8479a71813ac6109a89654dd761a4645ef07419b4a600,-39.5,-39.5,20,collision,False,True,True,False,False,False,False,0.0,collision,True,20,3.075444439004059,3.0745892229999967,18.164623165130614,0.0,0.0,259,196,0.99,5e-05,0.0,0.0,0.0,False,,"{""final_phase_pure_dqn_argmax"": 20}",,,,,,,,,,
train,Karthikeya27adv8highwayV3,Karthikeya27adv8highwayV3,17,93,110,39a3c22050f371e4f41fe4846397bb0ce2c656f1bfc5c4f32301c5c3fb10923b,-30.14999999999999,-30.14999999999999,37,collision,False,True,True,False,False,False,False,0.0,collision,True,37,5.791387318997295,5.790666936000001,17.06714898186761,0.0,0.0,296,233,0.99,5e-05,0.0,0.0,0.0,False,,"{""final_phase_pure_dqn_argmax"": 37}",,,,,,,,,,
train,Karthikeya27adv8highwayV3,Karthikeya27adv8highwayV3,17,94,111,3e3f28d8f6631015719823eac668ab6d078f0981b150c49f2f75c6ddabda323c,-25.749999999999986,-25.749999999999986,45,collision,False,True,True,False,False,False,False,0.0,collision,True,45,6.9049604940009885,6.903217820000002,13.966140980190701,0.0,0.0,341,278,0.99,5e-05,0.0,0.0,0.0,False,,"{""final_phase_pure_dqn_argmax"": 45}",,,,,,,,,,
train,Karthikeya27adv8highwayV3,Karthikeya27adv8highwayV3,17,95,112,73fa3e8c0a6dedb7dda996c4ffc4b8ed912fdd16c23cf80b625b0ce8cad27bde,-43.5,-43.5,14,collision,False,True,True,False,False,False,False,0.0,collision,True,14,2.159653299000638,2.1591150650000017,13.037353243146624,0.0,0.0,355,292,0.99,5e-05,0.0,0.0,0.0,False,,"{""final_phase_pure_dqn_argmax"": 14}",,,,,,,,,,
train,Karthikeya27adv8highwayV3,Karthikeya27adv8highwayV3,17,96,113,fcefa413d9a8100862fb37f66d11480251004df9847f9ad052582bd98e68fd34,-45.0,-45.0,11,collision,False,True,True,False,False,False,False,0.0,collision,True,11,1.7011148470046464,1.7003929210000024,13.560177716341885,0.0,0.0,366,303,0.99,5e-05,0.0,0.0,0.0,False,,"{""final_phase_pure_dqn_argmax"": 11}",,,,,,,,,,
train,Karthikeya27adv8highwayV3,Karthikeya27adv8highwayV3,17,97,114,128f32260a97239a1d7e1f96a82705b26a731db27bf9d127bdea87287318ea5c,-35.0,-35.0,31,collision,False,True,True,False,False,False,False,0.0,collision,True,31,4.8129969900037395,4.811601555999992,12.723450260777627,0.0,0.0,397,334,0.99,5e-05,0.0,0.0,0.0,False,,"{""final_phase_pure_dqn_argmax"": 31}",,,,,,,,,,
train,Karthikeya27adv8highwayV3,Karthikeya27adv8highwayV3,17,98,115,f9706ecf42b5b5d7fd1316c2194a26c034f1f857e77e94657c16b262447eac20,-40.050000000000004,-40.050000000000004,19,collision,False,True,True,False,False,False,False,0.0,collision,True,19,2.919681693005259,2.918777000999995,11.405233734532407,0.0,0.0,416,353,0.99,5e-05,0.0,0.0,0.0,False,,"{""final_phase_pure_dqn_argmax"": 19}",,,,,,,,,,
train,Karthikeya27adv8highwayV3,Karthikeya27adv8highwayV3,17,99,116,b48168c084ed53c3011374d1999b0fff6963223204e2ab3d3f6225c39fbb9019,-45.96740740740741,-45.96740740740741,9,collision,False,True,True,False,False,False,False,0.0,collision,True,9,1.3734321800002363,1.3730738400000035,10.928051630655924,0.0,0.0,425,362,0.99,5e-05,0.0,0.0,0.0,False,,"{""final_phase_pure_dqn_argmax"": 9}",,,,,,,,,,
test,Karthikeya27adv8highwayV3,Karthikeya27adv8highwayV3,17,0,200000,22f09d61ace5550e8b9c27a5ab82ea76516012fc354238c3db075e8b49c7f405,-44.45,-44.45,11,collision,False,True,True,False,False,False,False,0.0,collision,True,11,1.666047726997931,1.6671534370000103,0.0,0.0,0.0,425,362,0.99,5e-05,0.0,0.0,0.0,True,0,"{""frozen_pure_dqn_argmax"": 11}",,,,,,,,,,
test,Karthikeya27adv8highwayV3,Karthikeya27adv8highwayV3,17,1,200001,8a93521ef40e25c0aeac369878372e85bee4bcb18f999eb237e40a8a67cf7309,-41.150000000000006,-41.150000000000006,17,collision,False,True,True,False,False,False,False,0.0,collision,True,17,2.5783476130018244,2.5801387089999963,0.0,0.0,0.0,425,362,0.99,5e-05,0.0,0.0,0.0,True,0,"{""frozen_pure_dqn_argmax"": 17}",,,,,,,,,,
test,Karthikeya27adv8highwayV3,Karthikeya27adv8highwayV3,17,2,200002,59cbd5a9611373aca10c49f0eef0ff2cbfb2df9952ddc3d6cd698d2bd26d4a89,-46.1,-46.1,8,collision,False,True,True,False,False,False,False,0.0,collision,True,8,1.2031305890050135,1.2040391759999949,0.0,0.0,0.0,425,362,0.99,5e-05,0.0,0.0,0.0,True,0,"{""frozen_pure_dqn_argmax"": 8}",,,,,,,,,,
test,Karthikeya27adv8highwayV3,Karthikeya27adv8highwayV3,17,3,200003,916c6c0d2488ace7ccbff7f92bb03c41219d115d25de902acd15cfdf0022bd7f,-48.6674074074074,-48.6674074074074,3,collision,False,True,True,False,False,False,False,0.0,collision,True,3,0.46097126899985597,0.46135359900000594,0.0,0.0,0.0,425,362,0.99,5e-05,0.0,0.0,0.0,True,0,"{""frozen_pure_dqn_argmax"": 3}",,,,,,,,,,
test,Karthikeya27adv8highwayV3,Karthikeya27adv8highwayV3,17,4,200004,76bb906089d72ed9ac698c83e3284457c51d1dbd99744f896fc30a2e8bfadd29,-48.1,-48.1,4,collision,False,True,True,False,False,False,False,0.0,collision,True,4,0.6203671330003999,0.6207998929999974,0.0,0.0,0.0,425,362,0.99,5e-05,0.0,0.0,0.0,True,0,"{""frozen_pure_dqn_argmax"": 4}",,,,,,,,,,
test,Karthikeya27adv8highwayV3,Karthikeya27adv8highwayV3,17,5,200005,28781f6ff215435e135d59ce997817ce28e58ab6c18ce10a02774e6cbbd4f8d2,-40.266666666666666,-40.266666666666666,18,collision,False,True,True,False,False,False,False,0.0,collision,True,18,2.7719338910028455,2.7740079969999982,0.0,0.0,0.0,425,362,0.99,5e-05,0.0,0.0,0.0,True,0,"{""frozen_pure_dqn_argmax"": 18}",,,,,,,,,,
test,Karthikeya27adv8highwayV3,Karthikeya27adv8highwayV3,17,6,200006,139411b2c9fda5ca91039446ec1e2b4f7c4a1328db395213a07277327ff2ddd8,-26.166666666666657,-26.166666666666657,40,collision,False,True,True,False,False,False,False,0.0,collision,True,40,6.19885617899854,6.202802341999998,0.0,0.0,0.0,425,362,0.99,5e-05,0.0,0.0,0.0,True,0,"{""frozen_pure_dqn_argmax"": 40}",,,,,,,,,,
test,Karthikeya27adv8highwayV3,Karthikeya27adv8highwayV3,17,7,200007,186e7076b58f41f78d0c87b12508f1e502a90d062b9227b6feacd24c8ba6695c,-46.650000000000006,-46.650000000000006,7,collision,False,True,True,False,False,False,False,0.0,collision,True,7,1.0777768879997893,1.078329261999997,0.0,0.0,0.0,425,362,0.99,5e-05,0.0,0.0,0.0,True,0,"{""frozen_pure_dqn_argmax"": 7}",,,,,,,,,,
test,Karthikeya27adv8highwayV3,Karthikeya27adv8highwayV3,17,8,200008,4ef5566b808f849aba2d6e11e55a56bae7c20ff348eca648b93f8cce353acc7f,-45.46740740740741,-45.46740740740741,10,collision,False,True,True,False,False,False,False,0.0,collision,True,10,1.5840714590012794,1.585064193000008,0.0,0.0,0.0,425,362,0.99,5e-05,0.0,0.0,0.0,True,0,"{""frozen_pure_dqn_argmax"": 10}",,,,,,,,,,
test,Karthikeya27adv8highwayV3,Karthikeya27adv8highwayV3,17,9,200009,eeed5bed3b9c38c0db190e612af948a40fd8cffaa52ba9bff316ab850f318c03,-48.85,-48.85,3,collision,False,True,True,False,False,False,False,0.0,collision,True,3,0.4828929959985544,0.4831993100000034,0.0,0.0,0.0,425,362,0.99,5e-05,0.0,0.0,0.0,True,0,"{""frozen_pure_dqn_argmax"": 3}",,,,,,,,,,
test,Karthikeya27adv8highwayV3,Karthikeya27adv8highwayV3,17,10,200010,d479170766db997fb16c9afee7d30b92c76fc5c5d1f920b8708e3b6fbd10529b,-35.5,-35.5,25,collision,False,True,True,False,False,False,False,0.0,collision,True,25,3.9605653129983693,3.9618702060000004,0.0,0.0,0.0,425,362,0.99,5e-05,0.0,0.0,0.0,True,0,"{""frozen_pure_dqn_argmax"": 25}",,,,,,,,,,
test,Karthikeya27adv8highwayV3,Karthikeya27adv8highwayV3,17,11,200011,1bf31742dbbb15eaee7437bb82665f72c3b6377975a7809c863da9d54a22b41d,-30.14999999999999,-30.14999999999999,37,collision,False,True,True,False,False,False,False,0.0,collision,True,37,5.800499281998782,5.804131021000003,0.0,0.0,0.0,425,362,0.99,5e-05,0.0,0.0,0.0,True,0,"{""frozen_pure_dqn_argmax"": 37}",,,,,,,,,,
test,Karthikeya27adv8highwayV3,Karthikeya27adv8highwayV3,17,12,200012,92ec46fbc27eec91011585854f68eb4709f86ec0e097db682b8edafcab5dce30,-45.96740740740741,-45.96740740740741,9,collision,False,True,True,False,False,False,False,0.0,collision,True,9,1.4125331830000505,1.413368613000003,0.0,0.0,0.0,425,362,0.99,5e-05,0.0,0.0,0.0,True,0,"{""frozen_pure_dqn_argmax"": 9}",,,,,,,,,,
test,Karthikeya27adv8highwayV3,Karthikeya27adv8highwayV3,17,13,200013,525798eb61841a50fe6e1dd0f9151ec69987ca69c0a9f9dc672e78420f8474af,-44.5,-44.5,10,collision,False,True,True,False,False,False,False,0.0,collision,True,10,1.5996690199972363,1.600516029000005,0.0,0.0,0.0,425,362,0.99,5e-05,0.0,0.0,0.0,True,0,"{""frozen_pure_dqn_argmax"": 10}",,,,,,,,,,
test,Karthikeya27adv8highwayV3,Karthikeya27adv8highwayV3,17,14,200014,fe744e0225fb66ed292e378c5f43b1095e65a599a355ee92b320bca64ac78170,-47.0,-47.0,5,collision,False,True,True,False,False,False,False,0.0,collision,True,5,0.7663795469998149,0.7668901849999941,0.0,0.0,0.0,425,362,0.99,5e-05,0.0,0.0,0.0,True,0,"{""frozen_pure_dqn_argmax"": 5}",,,,,,,,,,
test,Karthikeya27adv8highwayV3,Karthikeya27adv8highwayV3,17,15,200015,70fe874fd9b376f8ee7bdad9dafdaab63cf1fe535bdb69d787eaf985a3150aff,-44.45,-44.45,11,collision,False,True,True,False,False,False,False,0.0,collision,True,11,1.7048005260003265,1.705839080000004,0.0,0.0,0.0,425,362,0.99,5e-05,0.0,0.0,0.0,True,0,"{""frozen_pure_dqn_argmax"": 11}",,,,,,,,,,
test,Karthikeya27adv8highwayV3,Karthikeya27adv8highwayV3,17,16,200016,395a307d118d4447c675a410ec98a6cd4974ff122817ea178d77c27cdfc8fd0e,-45.0,-45.0,10,collision,False,True,True,False,False,False,False,0.0,collision,True,10,1.5453261180009576,1.5463333909999903,0.0,0.0,0.0,425,362,0.99,5e-05,0.0,0.0,0.0,True,0,"{""frozen_pure_dqn_argmax"": 10}",,,,,,,,,,
test,Karthikeya27adv8highwayV3,Karthikeya27adv8highwayV3,17,17,200017,052fe4827a588df388f0dc3048f7adf7558ad1a103ac998c9c4bb68bb1997977,-41.7,-41.7,16,collision,False,True,True,False,False,False,False,0.0,collision,True,16,2.4523623420027434,2.4537728850000065,0.0,0.0,0.0,425,362,0.99,5e-05,0.0,0.0,0.0,True,0,"{""frozen_pure_dqn_argmax"": 16}",,,,,,,,,,
test,Karthikeya27adv8highwayV3,Karthikeya27adv8highwayV3,17,18,200018,814e893125dc339148a0563df4fd11d341d8ae7b1ea0281a69f72addd93d2f23,-38.6,-38.6,19,collision,False,True,True,False,False,False,False,0.0,collision,True,19,2.97644486399804,2.9785406400000056,0.0,0.0,0.0,425,362,0.99,5e-05,0.0,0.0,0.0,True,0,"{""frozen_pure_dqn_argmax"": 19}",,,,,,,,,,
test,Karthikeya27adv8highwayV3,Karthikeya27adv8highwayV3,17,19,200019,eec643fac74cd462990f51e3cca46b0e1c107cb5c29f8264148553d550ef3f1f,-45.52222222222222,-45.52222222222222,8,collision,False,True,True,False,False,False,False,0.0,collision,True,8,1.2259060139986104,1.2267860439999936,0.0,0.0,0.0,425,362,0.99,5e-05,0.0,0.0,0.0,True,0,"{""frozen_pure_dqn_argmax"": 8}",,,,,,,,,,
test,Karthikeya27adv8highwayV3,Karthikeya27adv8highwayV3,17,20,200020,514bd60ec50516809dcdb1777b42a4e419af3dc5bde621d880526a50fe4db91b,-48.06740740740741,-48.06740740740741,4,collision,False,True,True,False,False,False,False,0.0,collision,True,4,0.634834377997322,0.6354984390000027,0.0,0.0,0.0,425,362,0.99,5e-05,0.0,0.0,0.0,True,0,"{""frozen_pure_dqn_argmax"": 4}",,,,,,,,,,
test,Karthikeya27adv8highwayV3,Karthikeya27adv8highwayV3,17,21,200021,06f2a5f787ecbe51ba978bb1faa378a3cbe82425e53ffb2081c07e0be4d3c8b2,-38.4,-38.4,22,collision,False,True,True,False,False,False,False,0.0,collision,True,22,3.4158150649964227,3.4181608640000007,0.0,0.0,0.0,425,362,0.99,5e-05,0.0,0.0,0.0,True,0,"{""frozen_pure_dqn_argmax"": 22}",,,,,,,,,,
test,Karthikeya27adv8highwayV3,Karthikeya27adv8highwayV3,17,22,200022,15548090e51d13326d0e1fe1f399a7fcd072005201ef47b2c94d3e63307499f0,-47.5,-47.5,6,collision,False,True,True,False,False,False,False,0.0,collision,True,6,0.9571319189999485,0.9576536710000028,0.0,0.0,0.0,425,362,0.99,5e-05,0.0,0.0,0.0,True,0,"{""frozen_pure_dqn_argmax"": 6}",,,,,,,,,,
test,Karthikeya27adv8highwayV3,Karthikeya27adv8highwayV3,17,23,200023,384a61997ec81ae0b15b03bc3e84dd31e27ada4f8cc2b2ea73b57c69c52ebfa1,-42.25000000000001,-42.25000000000001,15,collision,False,True,True,False,False,False,False,0.0,collision,True,15,2.3665495940003893,2.368186490999989,0.0,0.0,0.0,425,362,0.99,5e-05,0.0,0.0,0.0,True,0,"{""frozen_pure_dqn_argmax"": 15}",,,,,,,,,,
test,Karthikeya27adv8highwayV3,Karthikeya27adv8highwayV3,17,24,200024,1d390a0f6b91e34f4f0777ce245a92d0c8526aa16a1c186ab1c7147d9e696f6e,-35.099999999999994,-35.099999999999994,28,collision,False,True,True,False,False,False,False,0.0,collision,True,28,4.437770974000159,4.439522622000013,0.0,0.0,0.0,425,362,0.99,5e-05,0.0,0.0,0.0,True,0,"{""frozen_pure_dqn_argmax"": 28}",,,,,,,,,,
test,Karthikeya27adv8highwayV3,Karthikeya27adv8highwayV3,17,25,200025,6d40968b6e233237c5f5757151addb1c0394fa5d73ce68b6b0db884a769efded,-35.65,-35.65,27,collision,False,True,True,False,False,False,False,0.0,collision,True,27,4.190837619004014,4.193519334000001,0.0,0.0,0.0,425,362,0.99,5e-05,0.0,0.0,0.0,True,0,"{""frozen_pure_dqn_argmax"": 27}",,,,,,,,,,
test,Karthikeya27adv8highwayV3,Karthikeya27adv8highwayV3,17,26,200026,21c8aa7ac8d128f4f9c1893a48830a0206fef1e5761f0acfe1bf99e3d1952ca6,-46.5,-46.5,8,collision,False,True,True,False,False,False,False,0.0,collision,True,8,1.2261448130011559,1.2269973870000115,0.0,0.0,0.0,425,362,0.99,5e-05,0.0,0.0,0.0,True,0,"{""frozen_pure_dqn_argmax"": 8}",,,,,,,,,,
test,Karthikeya27adv8highwayV3,Karthikeya27adv8highwayV3,17,27,200027,0a33d1d57ce2921a570c24b31a83822a7a9cff5ca022beaa5e33d0897ad3c9f3,-17.322222222222187,-17.322222222222187,55,collision,False,True,True,False,False,False,False,0.0,collision,True,55,8.494269557006191,8.499133220999994,0.0,0.0,0.0,425,362,0.99,5e-05,0.0,0.0,0.0,True,0,"{""frozen_pure_dqn_argmax"": 55}",,,,,,,,,,
test,Karthikeya27adv8highwayV3,Karthikeya27adv8highwayV3,17,28,200028,09780c05a542ed83fcf08d288e03657f3daeac9c8c4a9e53cbdfa00851cd4921,-40.422222222222224,-40.422222222222224,18,collision,False,True,True,False,False,False,False,0.0,collision,True,18,2.7563768030013307,2.758608218000006,0.0,0.0,0.0,425,362,0.99,5e-05,0.0,0.0,0.0,True,0,"{""frozen_pure_dqn_argmax"": 18}",,,,,,,,,,
test,Karthikeya27adv8highwayV3,Karthikeya27adv8highwayV3,17,29,200029,829858dad80c154288078e47ce3d86b92ff78250b8db7c16e6af72a4f04aa3c3,-41.32222222222222,-41.32222222222222,18,collision,False,True,True,False,False,False,False,0.0,collision,True,18,2.7666581880039303,2.7687076869999885,0.0,0.0,0.0,425,362,0.99,5e-05,0.0,0.0,0.0,True,0,"{""frozen_pure_dqn_argmax"": 18}",,,,,,,,,,
test,Karthikeya27adv8highwayV3,Karthikeya27adv8highwayV3,17,30,200030,16a3e3ff55489a95cbd2e7c2b84e14f1abda57ddcf8ce532d61b2ea2ee6647d9,-39.8,-39.8,17,collision,False,True,True,False,False,False,False,0.0,collision,True,17,2.5620730800001184,2.5639760060000185,0.0,0.0,0.0,425,362,0.99,5e-05,0.0,0.0,0.0,True,0,"{""frozen_pure_dqn_argmax"": 17}",,,,,,,,,,
test,Karthikeya27adv8highwayV3,Karthikeya27adv8highwayV3,17,31,200031,5ebcf93c19fc8b4369fd8e1df207bfc2f1253996a43bb0da83eb8fc3bc82c5a6,-45.699999999999996,-45.699999999999996,8,collision,False,True,True,False,False,False,False,0.0,collision,True,8,1.2225459430046612,1.2235235240000009,0.0,0.0,0.0,425,362,0.99,5e-05,0.0,0.0,0.0,True,0,"{""frozen_pure_dqn_argmax"": 8}",,,,,,,,,,
test,Karthikeya27adv8highwayV3,Karthikeya27adv8highwayV3,17,32,200032,e5208b7783a790d271e828dffe5fceac39aed684174d6df51498b1d83797ad88,-48.0,-48.0,5,collision,False,True,True,False,False,False,False,0.0,collision,True,5,0.7772858330063173,0.7778697429999966,0.0,0.0,0.0,425,362,0.99,5e-05,0.0,0.0,0.0,True,0,"{""frozen_pure_dqn_argmax"": 5}",,,,,,,,,,
test,Karthikeya27adv8highwayV3,Karthikeya27adv8highwayV3,17,33,200033,20807ac380f5c1b0d5c223c3029fff1f380601df652dc10f7e37583f0df37799,-44.45,-44.45,11,collision,False,True,True,False,False,False,False,0.0,collision,True,11,1.812348800995096,1.8132436280000093,0.0,0.0,0.0,425,362,0.99,5e-05,0.0,0.0,0.0,True,0,"{""frozen_pure_dqn_argmax"": 11}",,,,,,,,,,
test,Karthikeya27adv8highwayV3,Karthikeya27adv8highwayV3,17,34,200034,b5b87273b6963bdde340c8d0ee913d46d0ebd97e2b1ef8db4ac9014ace52307f,-40.050000000000004,-40.050000000000004,19,collision,False,True,True,False,False,False,False,0.0,collision,True,19,3.039034093999362,3.0410113099999876,0.0,0.0,0.0,425,362,0.99,5e-05,0.0,0.0,0.0,True,0,"{""frozen_pure_dqn_argmax"": 19}",,,,,,,,,,
test,Karthikeya27adv8highwayV3,Karthikeya27adv8highwayV3,17,35,200035,aae34351675c6b0e01dd2e407cd30e5fff5c6c6f246322f9a360d2450599e64a,-44.5,-44.5,10,collision,False,True,True,False,False,False,False,0.0,collision,True,10,1.5655983809992904,1.5666049349999867,0.0,0.0,0.0,425,362,0.99,5e-05,0.0,0.0,0.0,True,0,"{""frozen_pure_dqn_argmax"": 10}",,,,,,,,,,
test,Karthikeya27adv8highwayV3,Karthikeya27adv8highwayV3,17,36,200036,fbd22179b271edfbcab3a62065182bc624ab1afcc908eb44c080fb579357b051,-46.9,-46.9,6,collision,False,True,True,False,False,False,False,0.0,collision,True,6,0.943275336001534,0.9438749290000032,0.0,0.0,0.0,425,362,0.99,5e-05,0.0,0.0,0.0,True,0,"{""frozen_pure_dqn_argmax"": 6}",,,,,,,,,,
test,Karthikeya27adv8highwayV3,Karthikeya27adv8highwayV3,17,37,200037,649f1a369aa9a3dfac842b6060fcfe3c4f5d6ee665bce9e1e4df2d4ae628b743,-46.650000000000006,-46.650000000000006,7,collision,False,True,True,False,False,False,False,0.0,collision,True,7,1.1424572070027352,1.1431003950000047,0.0,0.0,0.0,425,362,0.99,5e-05,0.0,0.0,0.0,True,0,"{""frozen_pure_dqn_argmax"": 7}",,,,,,,,,,
test,Karthikeya27adv8highwayV3,Karthikeya27adv8highwayV3,17,38,200038,0cf6dc8483844a51f26213bcce88f7db0c4b4338555fb296929543b056febcc5,-43.35,-43.35,13,collision,False,True,True,False,False,False,False,0.0,collision,True,13,2.0333971270010807,2.0347491260000083,0.0,0.0,0.0,425,362,0.99,5e-05,0.0,0.0,0.0,True,0,"{""frozen_pure_dqn_argmax"": 13}",,,,,,,,,,
test,Karthikeya27adv8highwayV3,Karthikeya27adv8highwayV3,17,39,200039,d6de9a4785aeaf52232a9bdc195c04ec1fcd5735643a8f73e5aa4728d645641b,-40.9,-40.9,16,collision,False,True,True,False,False,False,False,0.0,collision,True,16,2.459523318997526,2.4613600710000014,0.0,0.0,0.0,425,362,0.99,5e-05,0.0,0.0,0.0,True,0,"{""frozen_pure_dqn_argmax"": 16}",,,,,,,,,,
test,Karthikeya27adv8highwayV3,Karthikeya27adv8highwayV3,17,40,200040,565f5f9e9ddf427910621905f13bff69b0d278139efe0792fba5e8e628f55e3c,-38.5,-38.5,24,collision,False,True,True,False,False,False,False,0.0,collision,True,24,3.773292179001146,3.7757566370000006,0.0,0.0,0.0,425,362,0.99,5e-05,0.0,0.0,0.0,True,0,"{""frozen_pure_dqn_argmax"": 24}",,,,,,,,,,
test,Karthikeya27adv8highwayV3,Karthikeya27adv8highwayV3,17,41,200041,7433fbf4a48474effb7c4fefe8172dc4b6733f93ed2d3dd011ca5d7a387d2d6d,-47.6,-47.6,4,collision,False,True,True,False,False,False,False,0.0,collision,True,4,0.6283770029986044,0.6288095600000077,0.0,0.0,0.0,425,362,0.99,5e-05,0.0,0.0,0.0,True,0,"{""frozen_pure_dqn_argmax"": 4}",,,,,,,,,,
test,Karthikeya27adv8highwayV3,Karthikeya27adv8highwayV3,17,42,200042,66b8c74fa38bef7d1606537937cb3a82999e2e257fb6f10784d84ce62163cb5d,-31.299999999999997,-31.299999999999997,32,collision,False,True,True,False,False,False,False,0.0,collision,True,32,5.023587726995174,5.0271462070000155,0.0,0.0,0.0,425,362,0.99,5e-05,0.0,0.0,0.0,True,0,"{""frozen_pure_dqn_argmax"": 32}",,,,,,,,,,
test,Karthikeya27adv8highwayV3,Karthikeya27adv8highwayV3,17,43,200043,f58184a931710f91c1859637a88dfdf892af094f31ddf6f6e9a969f3f2a81281,-38.4,-38.4,22,collision,False,True,True,False,False,False,False,0.0,collision,True,22,3.3590326819976326,3.3616109120000033,0.0,0.0,0.0,425,362,0.99,5e-05,0.0,0.0,0.0,True,0,"{""frozen_pure_dqn_argmax"": 22}",,,,,,,,,,
test,Karthikeya27adv8highwayV3,Karthikeya27adv8highwayV3,17,44,200044,af9431552daa7b31c3831a7e5f89083d440482b8fec487d1560ed799085848cb,-43.35,-43.35,13,collision,False,True,True,False,False,False,False,0.0,collision,True,13,2.009390840001288,2.010852212000003,0.0,0.0,0.0,425,362,0.99,5e-05,0.0,0.0,0.0,True,0,"{""frozen_pure_dqn_argmax"": 13}",,,,,,,,,,
test,Karthikeya27adv8highwayV3,Karthikeya27adv8highwayV3,17,45,200045,8a59782f0e5e9bd356423f1f62e2da6c7df951757c2d4e684cd0175e16e808d4,-45.550000000000004,-45.550000000000004,9,collision,False,True,True,False,False,False,False,0.0,collision,True,9,1.4054351130034775,1.4066961610000135,0.0,0.0,0.0,425,362,0.99,5e-05,0.0,0.0,0.0,True,0,"{""frozen_pure_dqn_argmax"": 9}",,,,,,,,,,
test,Karthikeya27adv8highwayV3,Karthikeya27adv8highwayV3,17,46,200046,21d8817d3dfa0ad91cbdeaa80bf879a12ee91a5fd08fa505e75edb0048b35806,-45.699999999999996,-45.699999999999996,8,collision,False,True,True,False,False,False,False,0.0,collision,True,8,1.2393869750012527,1.2403568580000126,0.0,0.0,0.0,425,362,0.99,5e-05,0.0,0.0,0.0,True,0,"{""frozen_pure_dqn_argmax"": 8}",,,,,,,,,,
test,Karthikeya27adv8highwayV3,Karthikeya27adv8highwayV3,17,47,200047,9b6780b73bb2b59a4e6e664e813b3fc248d01816bb8d9560ce2f7ed6bc9dc038,-48.0,-48.0,5,collision,False,True,True,False,False,False,False,0.0,collision,True,5,0.7621831599972211,0.7626614009999741,0.0,0.0,0.0,425,362,0.99,5e-05,0.0,0.0,0.0,True,0,"{""frozen_pure_dqn_argmax"": 5}",,,,,,,,,,
test,Karthikeya27adv8highwayV3,Karthikeya27adv8highwayV3,17,48,200048,7fe890b72de46b0446b29e24e16a89ae99a8a9f1911c79b6731ed3c41ccec2f4,-32.96740740740741,-32.96740740740741,35,collision,False,True,True,False,False,False,False,0.0,collision,True,35,5.478572877997067,5.482500407999993,0.0,0.0,0.0,425,362,0.99,5e-05,0.0,0.0,0.0,True,0,"{""frozen_pure_dqn_argmax"": 35}",,,,,,,,,,
test,Karthikeya27adv8highwayV3,Karthikeya27adv8highwayV3,17,49,200049,8816a4242d0d2cefbfc69a4d643cfbf644976d1bd0e3aee3e27a1191f963625e,-44.32222222222222,-44.32222222222222,10,collision,False,True,True,False,False,False,False,0.0,collision,True,10,1.5482328189973487,1.5494299730000023,0.0,0.0,0.0,425,362,0.99,5e-05,0.0,0.0,0.0,True,0,"{""frozen_pure_dqn_argmax"": 10}",,,,,,,,,,
