pool_id,status,promotion_evidence_visits,absorbed_candidate_visits,absorbed_candidate_action_evidence,active_pool_mask_visits,matched_state_count,exploration_pass,actions_tried,remaining_actions,coverage_percent,unknown_actions,safe_actions,blocked_actions,unknown_mask,safe_mask,blocked_mask,total_action_attempts,total_safe_outcomes,total_collision_outcomes,total_out_of_road_outcomes,total_warnings,action_attempt_counts,safe_outcome_counts,collision_outcome_counts,out_of_road_outcome_counts,warning_counts,first_episode_created,last_episode_visited,mean_general_cosine_similarity,mean_general_rms_distance,mean_safety_cosine_similarity,mean_safety_rms_distance,centroid_updates,centroid_frozen_by_stability,centroid_frozen_by_cap
0,ACTIVE,3,1,1,2,2,INITIAL,4,5,44.44444444444444,9,0,0,511,0,0,6,0,0,0,0,0|1|0|0|1|1|0|0|3,0|0|0|0|0|0|0|0|0,0|0|0|0|0|0|0|0|0,0|0|0|0|0|0|0|0|0,0|0|0|0|0|0|0|0|0,40,40,0.9973981380462646,0.013407500926405191,0.9918821156024933,0.07312462106347084,3,False,False
16,ACTIVE,3,0,0,0,0,INITIAL,2,7,22.22222222222222,9,0,0,511,0,0,3,0,0,0,0,0|1|0|0|2|0|0|0|0,0|0|0|0|0|0|0|0|0,0|0|0|0|0|0|0|0|0,0|0|0|0|0|0|0|0|0,0|0|0|0|0|0|0|0|0,40,40,0.0,0.0,0.0,0.0,0,False,False
18,ACTIVE,3,0,0,3,3,INITIAL,5,4,55.55555555555556,9,0,0,511,0,0,6,0,0,0,0,0|1|1|0|2|1|0|0|1,0|0|0|0|0|0|0|0|0,0|0|0|0|0|0|0|0|0,0|0|0|0|0|0|0|0|0,0|0|0|0|0|0|0|0|0,40,40,0.9996169408162435,0.004464805591851473,0.9994056026140848,0.03146325113872687,3,False,False
17,ACTIVE,3,0,0,5,5,INITIAL,8,1,88.88888888888889,9,0,0,511,0,0,8,0,0,0,0,1|1|1|1|1|1|1|0|1,0|0|0|0|0|0|0|0|0,0|0|0|0|0|0|0|0|0,0|0|0|0|0|0|0|0|0,0|0|0|0|0|0|0|0|0,40,40,0.9997897624969483,0.0031189507339149714,0.999768602848053,0.016807540599256755,3,True,False
21,ACTIVE,3,0,0,0,0,INITIAL,3,6,33.333333333333336,9,0,0,511,0,0,3,0,0,0,0,0|1|0|0|1|0|0|0|1,0|0|0|0|0|0|0|0|0,0|0|0|0|0|0|0|0|0,0|0|0|0|0|0|0|0|0,0|0|0|0|0|0|0|0|0,40,40,0.0,0.0,0.0,0.0,0,False,False
29,ACTIVE,3,0,0,2,2,INITIAL,4,5,44.44444444444444,9,0,0,511,0,0,5,0,0,0,0,0|1|1|0|2|1|0|0|0,0|0|0|0|0|0|0|0|0,0|0|0|0|0|0|0|0|0,0|0|0|0|0|0|0|0|0,0|0|0|0|0|0|0|0|0,40,40,0.9998815655708313,0.0027004892472177744,0.9999805092811584,0.006078487960621715,2,False,False
28,ACTIVE,3,0,0,2,2,INITIAL,4,5,44.44444444444444,9,0,0,511,0,0,5,0,0,0,0,0|1|0|0|2|1|0|0|1,0|0|0|0|0|0|0|0|0,0|0|0|0|0|0|0|0|0,0|0|0|0|0|0|0|0|0,0|0|0|0|0|0|0|0|0,40,40,0.996468722820282,0.014527817256748676,0.9993039667606354,0.039131756871938705,2,False,False
36,ACTIVE,3,0,0,1,1,INITIAL,4,5,44.44444444444444,9,0,0,511,0,0,4,0,0,0,0,0|1|1|0|1|1|0|0|0,0|0|0|0|0|0|0|0|0,0|0|0|0|0|0|0|0|0,0|0|0|0|0|0|0|0|0,0|0|0|0|0|0|0|0|0,40,40,0.9998317956924438,0.0040727355517446995,0.9999877214431763,0.007960175164043903,1,False,False
82,ACTIVE,3,0,0,1,1,INITIAL,3,6,33.333333333333336,9,0,0,511,0,0,4,0,0,0,0,0|2|1|0|0|1|0|0|0,0|0|0|0|0|0|0|0|0,0|0|0|0|0|0|0|0|0,0|0|0|0|0|0|0|0|0,0|0|0|0|0|0|0|0|0,41,41,0.9999698996543884,0.021841933950781822,0.999613344669342,0.019437821581959724,1,False,False
85,ACTIVE,3,0,0,0,0,INITIAL,2,7,22.22222222222222,9,0,0,511,0,0,3,0,0,0,0,0|2|1|0|0|0|0|0|0,0|0|0|0|0|0|0|0|0,0|0|0|0|0|0|0|0|0,0|0|0|0|0|0|0|0|0,0|0|0|0|0|0|0|0|0,41,41,0.0,0.0,0.0,0.0,0,False,False
87,ACTIVE,3,0,0,0,0,INITIAL,2,7,22.22222222222222,9,0,0,511,0,0,3,0,0,0,0,0|2|0|0|0|0|0|0|1,0|0|0|0|0|0|0|0|0,0|0|0|0|0|0|0|0|0,0|0|0|0|0|0|0|0|0,0|0|0|0|0|0|0|0|0,41,41,0.0,0.0,0.0,0.0,0,False,False
91,ACTIVE,3,0,0,0,0,INITIAL,2,7,22.22222222222222,9,0,0,511,0,0,3,0,0,0,0,0|2|0|0|0|1|0|0|0,0|0|0|0|0|0|0|0|0,0|0|0|0|0|0|0|0|0,0|0|0|0|0|0|0|0|0,0|0|0|0|0|0|0|0|0,41,41,0.0,0.0,0.0,0.0,0,False,False
93,ACTIVE,3,0,0,0,0,INITIAL,2,7,22.22222222222222,9,0,0,511,0,0,3,0,0,0,0,0|2|1|0|0|0|0|0|0,0|0|0|0|0|0|0|0|0,0|0|0|0|0|0|0|0|0,0|0|0|0|0|0|0|0|0,0|0|0|0|0|0|0|0|0,41,41,0.0,0.0,0.0,0.0,0,False,False
96,ACTIVE,3,0,0,0,0,INITIAL,2,7,22.22222222222222,9,0,0,511,0,0,3,0,0,0,0,0|2|0|0|0|1|0|0|0,0|0|0|0|0|0|0|0|0,0|0|0|0|0|0|0|0|0,0|0|0|0|0|0|0|0|0,0|0|0|0|0|0|0|0|0,41,41,0.0,0.0,0.0,0.0,0,False,False
98,ACTIVE,3,0,0,0,0,INITIAL,2,7,22.22222222222222,9,0,0,511,0,0,3,0,0,0,0,0|2|1|0|0|0|0|0|0,0|0|0|0|0|0|0|0|0,0|0|0|0|0|0|0|0|0,0|0|0|0|0|0|0|0|0,0|0|0|0|0|0|0|0|0,41,41,0.0,0.0,0.0,0.0,0,False,False
105,ACTIVE,3,0,0,0,0,INITIAL,2,7,22.22222222222222,9,0,0,511,0,0,3,0,0,0,0,0|2|0|0|0|0|0|0|1,0|0|0|0|0|0|0|0|0,0|0|0|0|0|0|0|0|0,0|0|0|0|0|0|0|0|0,0|0|0|0|0|0|0|0|0,41,41,0.0,0.0,0.0,0.0,0,False,False
115,ACTIVE,3,0,0,0,0,INITIAL,2,7,22.22222222222222,9,0,0,511,0,0,3,1,0,0,0,0|2|0|0|0|0|0|0|1,0|0|0|0|0|0|0|0|1,0|0|0|0|0|0|0|0|0,0|0|0|0|0|0|0|0|0,0|0|0|0|0|0|0|0|0,42,42,0.0,0.0,0.0,0.0,0,False,False
116,ACTIVE,3,0,0,0,0,INITIAL,2,7,22.22222222222222,8,1,0,509,2,0,3,3,0,0,0,0|2|0|0|0|0|0|0|1,0|2|0|0|0|0|0|0|1,0|0|0|0|0|0|0|0|0,0|0|0|0|0|0|0|0|0,0|0|0|0|0|0|0|0|0,42,42,0.0,0.0,0.0,0.0,0,False,False
126,ACTIVE,3,0,0,3,3,INITIAL,5,4,55.55555555555556,9,0,0,511,0,0,6,1,0,0,0,0|2|1|0|1|1|0|0|1,0|0|0|0|0|0|0|0|1,0|0|0|0|0|0|0|0|0,0|0|0|0|0|0|0|0|0,0|0|0|0|0|0|0|0|0,42,42,0.9999834696451823,0.010539913860460123,0.9998801549275717,0.022498346244295437,3,True,False
128,ACTIVE,3,0,0,0,0,INITIAL,3,6,33.333333333333336,9,0,0,511,0,0,3,1,0,0,0,0|1|0|0|0|1|0|0|1,0|0|0|0|0|0|0|0|1,0|0|0|0|0|0|0|0|0,0|0|0|0|0|0|0|0|0,0|0|0|0|0|0|0|0|0,42,42,0.0,0.0,0.0,0.0,0,False,False
136,ACTIVE,3,0,0,0,0,INITIAL,2,7,22.22222222222222,9,0,0,511,0,0,3,2,0,0,0,0|0|0|0|0|2|0|0|1,0|0|0|0|0|1|0|0|1,0|0|0|0|0|0|0|0|0,0|0|0|0|0|0|0|0|0,0|0|0|0|0|0|0|0|0,42,42,0.0,0.0,0.0,0.0,0,False,False
141,ACTIVE,3,0,0,0,0,INITIAL,2,7,22.22222222222222,9,0,0,511,0,0,3,2,0,0,0,0|0|0|0|0|2|0|0|1,0|0|0|0|0|1|0|0|1,0|0|0|0|0|0|0|0|0,0|0|0|0|0|0|0|0|0,0|0|0|0|0|0|0|0|0,42,42,0.0,0.0,0.0,0.0,0,False,False
147,ACTIVE,3,0,0,0,0,INITIAL,2,7,22.22222222222222,7,0,2,223,0,288,3,0,0,1,2,0|0|0|0|0|2|0|0|1,0|0|0|0|0|0|0|0|0,0|0|0|0|0|0|0|0|0,0|0|0|0|0|0|0|0|1,0|0|0|0|0|2|0|0|0,42,42,0.0,0.0,0.0,0.0,0,False,False
168,ACTIVE,3,0,0,0,0,INITIAL,2,7,22.22222222222222,8,1,0,479,32,0,3,3,0,0,0,0|0|0|0|0|2|0|0|1,0|0|0|0|0|2|0|0|1,0|0|0|0|0|0|0|0|0,0|0|0|0|0|0|0|0|0,0|0|0|0|0|0|0|0|0,44,44,0.0,0.0,0.0,0.0,0,False,False
170,ACTIVE,3,0,0,0,0,INITIAL,2,7,22.22222222222222,8,1,0,479,32,0,3,3,0,0,0,0|0|0|0|0|2|0|0|1,0|0|0|0|0|2|0|0|1,0|0|0|0|0|0|0|0|0,0|0|0|0|0|0|0|0|0,0|0|0|0|0|0|0|0|0,44,44,0.0,0.0,0.0,0.0,0,False,False
174,ACTIVE,3,0,0,0,0,INITIAL,2,7,22.22222222222222,8,1,0,479,32,0,3,3,0,0,0,0|0|0|0|0|2|0|0|1,0|0|0|0|0|2|0|0|1,0|0|0|0|0|0|0|0|0,0|0|0|0|0|0|0|0|0,0|0|0|0|0|0|0|0|0,44,44,0.0,0.0,0.0,0.0,0,False,False
178,ACTIVE,3,0,0,0,0,INITIAL,2,7,22.22222222222222,8,1,0,479,32,0,3,3,0,0,0,0|0|0|0|0|2|0|0|1,0|0|0|0|0|2|0|0|1,0|0|0|0|0|0|0|0|0,0|0|0|0|0|0|0|0|0,0|0|0|0|0|0|0|0|0,44,44,0.0,0.0,0.0,0.0,0,False,False
182,ACTIVE,3,0,0,0,0,INITIAL,2,7,22.22222222222222,8,1,0,479,32,0,3,3,0,0,0,0|0|0|0|0|2|0|0|1,0|0|0|0|0|2|0|0|1,0|0|0|0|0|0|0|0|0,0|0|0|0|0|0|0|0|0,0|0|0|0|0|0|0|0|0,44,44,0.0,0.0,0.0,0.0,0,False,False
185,ACTIVE,3,0,0,0,0,INITIAL,2,7,22.22222222222222,8,1,0,479,32,0,3,3,0,0,0,0|0|0|0|0|2|0|0|1,0|0|0|0|0|2|0|0|1,0|0|0|0|0|0|0|0|0,0|0|0|0|0|0|0|0|0,0|0|0|0|0|0|0|0|0,44,44,0.0,0.0,0.0,0.0,0,False,False
188,ACTIVE,3,0,0,0,0,INITIAL,2,7,22.22222222222222,8,1,0,479,32,0,3,3,0,0,0,0|0|0|0|0|2|0|0|1,0|0|0|0|0|2|0|0|1,0|0|0|0|0|0|0|0|0,0|0|0|0|0|0|0|0|0,0|0|0|0|0|0|0|0|0,44,44,0.0,0.0,0.0,0.0,0,False,False
191,ACTIVE,3,0,0,0,0,INITIAL,2,7,22.22222222222222,9,0,0,511,0,0,3,0,0,0,0,0|0|0|0|0|2|0|0|1,0|0|0|0|0|0|0|0|0,0|0|0|0|0|0|0|0|0,0|0|0|0|0|0|0|0|0,0|0|0|0|0|0|0|0|0,44,44,0.0,0.0,0.0,0.0,0,False,False
193,ACTIVE,3,0,0,0,0,INITIAL,2,7,22.22222222222222,9,0,0,511,0,0,3,0,0,0,0,0|0|0|0|0|2|0|0|1,0|0|0|0|0|0|0|0|0,0|0|0|0|0|0|0|0|0,0|0|0|0|0|0|0|0|0,0|0|0|0|0|0|0|0|0,44,44,0.0,0.0,0.0,0.0,0,False,False
196,ACTIVE,3,0,0,0,0,INITIAL,2,7,22.22222222222222,9,0,0,511,0,0,3,0,0,0,0,0|0|1|0|0|2|0|0|0,0|0|0|0|0|0|0|0|0,0|0|0|0|0|0|0|0|0,0|0|0|0|0|0|0|0|0,0|0|0|0|0|0|0|0|0,44,44,0.0,0.0,0.0,0.0,0,False,False
214,ACTIVE,3,0,0,2,2,INITIAL,5,4,55.55555555555556,9,0,0,511,0,0,5,0,0,0,0,1|0|0|1|0|1|1|1|0,0|0|0|0|0|0|0|0|0,0|0|0|0|0|0|0|0|0,0|0|0|0|0|0|0|0|0,0|0|0|0|0|0|0|0|0,44,44,0.9993589520454407,0.008749297820031643,0.9965842664241791,0.04929095786064863,2,False,False
215,ACTIVE,3,0,0,0,0,INITIAL,2,7,22.22222222222222,9,0,0,511,0,0,3,0,0,0,0,1|0|0|0|0|2|0|0|0,0|0|0|0|0|0|0|0|0,0|0|0|0|0|0|0|0|0,0|0|0|0|0|0|0|0|0,0|0|0|0|0|0|0|0|0,44,44,0.0,0.0,0.0,0.0,0,False,False
212,ACTIVE,3,0,0,2,2,INITIAL,5,4,55.55555555555556,9,0,0,511,0,0,5,0,0,0,0,1|0|0|1|0|1|1|1|0,0|0|0|0|0|0|0|0|0,0|0|0|0|0|0|0|0|0,0|0|0|0|0|0|0|0|0,0|0|0|0|0|0|0|0|0,44,44,0.999754935503006,0.006038400577381253,0.9952845275402069,0.05887680500745773,2,False,False
210,ACTIVE,3,0,0,1,1,INITIAL,4,5,44.44444444444444,9,0,0,511,0,0,4,1,0,0,0,1|0|0|1|0|1|1|0|0,0|0|0|1|0|0|0|0|0,0|0|0|0|0|0|0|0|0,0|0|0|0|0|0|0|0|0,0|0|0|0|0|0|0|0|0,44,44,0.9993845820426941,0.009930378757417202,0.9896442294120789,0.08513879030942917,1,False,False
217,ACTIVE,3,0,0,0,0,INITIAL,2,7,22.22222222222222,8,1,0,503,8,0,3,3,0,0,0,0|0|0|2|0|0|1|0|0,0|0|0|2|0|0|1|0|0,0|0|0|0|0|0|0|0|0,0|0|0|0|0|0|0|0|0,0|0|0|0|0|0|0|0|0,44,44,0.0,0.0,0.0,0.0,0,False,False
219,ACTIVE,3,0,0,0,0,INITIAL,2,7,22.22222222222222,8,1,0,503,8,0,3,3,0,0,0,0|0|0|2|0|1|0|0|0,0|0|0|2|0|1|0|0|0,0|0|0|0|0|0|0|0|0,0|0|0|0|0|0|0|0|0,0|0|0|0|0|0|0|0|0,44,44,0.0,0.0,0.0,0.0,0,False,False
220,ACTIVE,3,0,0,4,4,INITIAL,6,3,66.66666666666667,9,0,0,511,0,0,7,0,0,0,0,1|0|0|1|0|2|1|1|1,0|0|0|0|0|0|0|0|0,0|0|0|0|0|0|0|0|0,0|0|0|0|0|0|0|0|0,0|0|0|0|0|0|0|0|0,44,44,0.9985473304986954,0.009133617975749075,0.9967243075370789,0.07122667878866196,4,False,False
223,ACTIVE,3,0,0,5,5,INITIAL,7,2,77.77777777777777,9,0,0,511,0,0,8,1,0,0,0,1|1|1|2|0|1|1|1|0,0|0|1|0|0|0|0|0|0,0|0|0|0|0|0|0|0|0,0|0|0|0|0|0|0|0|0,0|0|0|0|0|0|0|0|0,44,44,0.9993770837783813,0.008764818217605353,0.9972909927368164,0.05386280454695225,5,False,False
228,ACTIVE,3,0,0,2,2,INITIAL,4,5,44.44444444444444,9,0,0,511,0,0,5,0,0,0,0,1|0|0|1|0|2|1|0|0,0|0|0|0|0|0|0|0|0,0|0|0|0|0|0|0|0|0,0|0|0|0|0|0|0|0|0,0|0|0|0|0|0|0|0|0,44,44,0.998611718416214,0.009587280917912722,0.9983043074607849,0.057948969304561615,2,False,False
230,ACTIVE,3,0,0,1,1,INITIAL,3,6,33.333333333333336,9,0,0,511,0,0,4,1,0,0,0,0|0|0|2|0|1|1|0|0,0|0|0|0|0|0|1|0|0,0|0|0|0|0|0|0|0|0,0|0|0|0|0|0|0|0|0,0|0|0|0|0|0|0|0|0,44,44,0.9985277056694031,0.015390705317258835,0.9956688284873962,0.07956603169441223,1,False,False
232,ACTIVE,3,0,0,0,0,INITIAL,2,7,22.22222222222222,8,1,0,503,8,0,3,3,0,0,0,0|0|0|2|0|0|1|0|0,0|0|0|2|0|0|1|0|0,0|0|0|0|0|0|0|0|0,0|0|0|0|0|0|0|0|0,0|0|0|0|0|0|0|0|0,44,44,0.0,0.0,0.0,0.0,0,False,False
235,ACTIVE,3,0,0,2,2,INITIAL,4,5,44.44444444444444,9,0,0,511,0,0,5,0,0,0,0,1|0|0|0|0|2|0|1|1,0|0|0|0|0|0|0|0|0,0|0|0|0|0|0|0|0|0,0|0|0|0|0|0|0|0|0,0|0|0|0|0|0|0|0|0,44,44,0.9997455477714539,0.005819820333272219,0.9995613396167755,0.03326362743973732,2,False,False
239,ACTIVE,3,0,0,0,0,INITIAL,2,7,22.22222222222222,9,0,0,511,0,0,3,0,0,0,0,0|0|0|0|0|2|0|0|1,0|0|0|0|0|0|0|0|0,0|0|0|0|0|0|0|0|0,0|0|0|0|0|0|0|0|0,0|0|0|0|0|0|0|0|0,44,44,0.0,0.0,0.0,0.0,0,False,False
241,ACTIVE,3,0,0,0,0,INITIAL,2,7,22.22222222222222,9,0,0,511,0,0,3,0,0,0,0,1|0|0|0|0|2|0|0|0,0|0|0|0|0|0|0|0|0,0|0|0|0|0|0|0|0|0,0|0|0|0|0|0|0|0|0,0|0|0|0|0|0|0|0|0,44,44,0.0,0.0,0.0,0.0,0,False,False
243,ACTIVE,3,0,0,3,3,INITIAL,5,4,55.55555555555556,9,0,0,511,0,0,6,0,0,0,0,1|0|0|1|0|2|0|1|1,0|0|0|0|0|0|0|0|0,0|0|0|0|0|0|0|0|0,0|0|0|0|0|0|0|0|0,0|0|0|0|0|0|0|0|0,44,44,0.9997730453809103,0.004009283361180375,0.9989587465922037,0.027482821140438318,3,False,False
247,ACTIVE,3,0,0,0,0,INITIAL,2,7,22.22222222222222,9,0,0,511,0,0,3,0,0,0,0,0|0|0|0|0|2|0|0|1,0|0|0|0|0|0|0|0|0,0|0|0|0|0|0|0|0|0,0|0|0|0|0|0|0|0|0,0|0|0|0|0|0|0|0|0,44,44,0.0,0.0,0.0,0.0,0,False,False
249,ACTIVE,3,0,0,0,0,INITIAL,2,7,22.22222222222222,9,0,0,511,0,0,3,0,0,0,0,0|0|0|1|0|2|0|0|0,0|0|0|0|0|0|0|0|0,0|0|0|0|0|0|0|0|0,0|0|0|0|0|0|0|0|0,0|0|0|0|0|0|0|0|0,44,44,0.0,0.0,0.0,0.0,0,False,False
250,ACTIVE,3,0,0,2,2,INITIAL,4,5,44.44444444444444,9,0,0,511,0,0,5,1,0,0,0,0|0|0|2|0|1|1|1|0,0|0|0|0|0|0|0|1|0,0|0|0|0|0|0|0|0|0,0|0|0|0|0|0|0|0|0,0|0|0|0|0|0|0|0|0,44,44,0.999640166759491,0.008916194550693035,0.9970053732395172,0.04815428890287876,2,False,False
254,ACTIVE,3,0,0,0,0,INITIAL,2,7,22.22222222222222,8,1,0,503,8,0,3,2,0,0,0,0|0|0|2|0|1|0|0|0,0|0|0|2|0|0|0|0|0,0|0|0|0|0|0|0|0|0,0|0|0|0|0|0|0|0|0,0|0|0|0|0|0|0|0|0,44,44,0.0,0.0,0.0,0.0,0,False,False
255,ACTIVE,3,0,0,1,1,INITIAL,3,6,33.333333333333336,9,0,0,511,0,0,4,0,0,0,0,0|0|0|1|0|2|0|1|0,0|0|0|0|0|0|0|0|0,0|0|0|0|0|0|0|0|0,0|0|0|0|0|0|0|0|0,0|0|0|0|0|0|0|0|0,44,44,0.9994276165962219,0.008075645193457603,0.994845449924469,0.06334776431322098,1,False,False
257,ACTIVE,3,0,0,1,1,INITIAL,3,6,33.333333333333336,9,0,0,511,0,0,4,0,0,0,1,0|0|0|2|0|0|1|1|0,0|0|0|0|0|0|0|0|0,0|0|0|0|0|0|0|0|0,0|0|0|0|0|0|0|0|0,0|0|0|0|0|0|0|1|0,44,44,0.9992073178291321,0.0130974892526865,0.9945115447044373,0.06798072159290314,1,False,False
274,ACTIVE,3,0,0,3,3,INITIAL,5,4,55.55555555555556,8,1,0,479,32,0,6,6,0,0,0,0|0|1|0|0|2|1|1|1,0|0|1|0|0|2|1|1|1,0|0|0|0|0|0|0|0|0,0|0|0|0|0|0|0|0|0,0|0|0|0|0|0|0|0|0,45,57,0.9984893798828125,0.021026750095188618,0.9986821413040161,0.06395546222726504,3,False,False
276,ACTIVE,3,0,0,3,3,INITIAL,5,4,55.55555555555556,8,1,0,479,32,0,6,6,0,0,0,0|0|0|0|1|2|1|1|1,0|0|0|0|1|2|1|1|1,0|0|0|0|0|0|0|0|0,0|0|0|0|0|0|0|0|0,0|0|0|0|0|0|0|0|0,45,329,0.9983577132225037,0.021767809987068176,0.9996992150942484,0.04716540997227033,3,False,False
279,ACTIVE,3,0,0,0,0,INITIAL,2,7,22.22222222222222,8,1,0,479,32,0,3,3,0,0,0,0|0|0|0|0|2|0|0|1,0|0|0|0|0|2|0|0|1,0|0|0|0|0|0|0|0|0,0|0|0|0|0|0|0|0|0,0|0|0|0|0|0|0|0|0,45,45,0.0,0.0,0.0,0.0,0,False,False
283,ACTIVE,3,0,0,0,0,INITIAL,2,7,22.22222222222222,8,1,0,479,32,0,3,3,0,0,0,0|0|0|0|0|2|0|0|1,0|0|0|0|0|2|0|0|1,0|0|0|0|0|0|0|0|0,0|0|0|0|0|0|0|0|0,0|0|0|0|0|0|0|0|0,45,45,0.0,0.0,0.0,0.0,0,False,False
304,ACTIVE,3,0,0,0,0,INITIAL,2,7,22.22222222222222,9,0,0,511,0,0,3,0,0,0,0,0|0|0|0|0|2|0|1|0,0|0|0|0|0|0|0|0|0,0|0|0|0|0|0|0|0|0,0|0|0|0|0|0|0|0|0,0|0|0|0|0|0|0|0|0,45,45,0.0,0.0,0.0,0.0,0,False,False
332,ACTIVE,3,0,0,0,0,INITIAL,2,7,22.22222222222222,8,1,0,479,32,0,3,3,0,0,0,0|0|0|0|0|2|0|0|1,0|0|0|0|0|2|0|0|1,0|0|0|0|0|0|0|0|0,0|0|0|0|0|0|0|0|0,0|0|0|0|0|0|0|0|0,46,46,0.0,0.0,0.0,0.0,0,False,False
334,ACTIVE,3,0,0,0,0,INITIAL,2,7,22.22222222222222,8,1,0,479,32,0,3,3,0,0,0,0|0|0|0|0|2|0|0|1,0|0|0|0|0|2|0|0|1,0|0|0|0|0|0|0|0|0,0|0|0|0|0|0|0|0|0,0|0|0|0|0|0|0|0|0,46,46,0.0,0.0,0.0,0.0,0,False,False
337,ACTIVE,3,0,0,0,0,INITIAL,2,7,22.22222222222222,8,1,0,479,32,0,3,3,0,0,0,0|0|0|0|0|2|0|0|1,0|0|0|0|0|2|0|0|1,0|0|0|0|0|0|0|0|0,0|0|0|0|0|0|0|0|0,0|0|0|0|0|0|0|0|0,46,46,0.0,0.0,0.0,0.0,0,False,False
358,ACTIVE,3,0,0,0,0,INITIAL,2,7,22.22222222222222,9,0,0,511,0,0,3,0,0,0,0,0|0|0|0|0|2|0|0|1,0|0|0|0|0|0|0|0|0,0|0|0|0|0|0|0|0|0,0|0|0|0|0|0|0|0|0,0|0|0|0|0|0|0|0|0,47,47,0.0,0.0,0.0,0.0,0,False,False
360,ACTIVE,3,0,0,0,0,INITIAL,2,7,22.22222222222222,8,1,0,479,32,0,3,3,0,0,0,0|0|0|0|0|2|0|0|1,0|0|0|0|0|2|0|0|1,0|0|0|0|0|0|0|0|0,0|0|0|0|0|0|0|0|0,0|0|0|0|0|0|0|0|0,47,47,0.0,0.0,0.0,0.0,0,False,False
364,ACTIVE,3,0,0,0,0,INITIAL,2,7,22.22222222222222,8,1,0,479,32,0,3,3,0,0,0,0|0|0|0|0|2|0|0|1,0|0|0|0|0|2|0|0|1,0|0|0|0|0|0|0|0|0,0|0|0|0|0|0|0|0|0,0|0|0|0|0|0|0|0|0,47,47,0.0,0.0,0.0,0.0,0,False,False
370,ACTIVE,3,0,0,1,1,INITIAL,3,6,33.333333333333336,9,0,0,511,0,0,4,1,0,0,0,0|0|0|0|0|2|0|1|1,0|0|0|0|0|0|0|1|0,0|0|0|0|0|0|0|0|0,0|0|0|0|0|0|0|0|0,0|0|0|0|0|0|0|0|0,47,47,0.9999536275863647,0.013939994387328625,0.9989081621170044,0.06658671051263809,1,False,False
419,ACTIVE,3,0,0,0,0,INITIAL,2,7,22.22222222222222,9,0,0,511,0,0,3,0,0,0,0,0|0|0|0|0|2|0|0|1,0|0|0|0|0|0|0|0|0,0|0|0|0|0|0|0|0|0,0|0|0|0|0|0|0|0|0,0|0|0|0|0|0|0|0|0,48,48,0.0,0.0,0.0,0.0,0,False,False
421,ACTIVE,3,0,0,0,0,INITIAL,2,7,22.22222222222222,8,1,0,479,32,0,3,3,0,0,0,0|0|0|0|0|2|0|0|1,0|0|0|0|0|2|0|0|1,0|0|0|0|0|0|0|0|0,0|0|0|0|0|0|0|0|0,0|0|0|0|0|0|0|0|0,48,48,0.0,0.0,0.0,0.0,0,False,False
422,ACTIVE,3,0,0,0,0,INITIAL,2,7,22.22222222222222,8,1,0,479,32,0,3,3,0,0,0,0|0|0|0|0|2|0|0|1,0|0|0|0|0|2|0|0|1,0|0|0|0|0|0|0|0|0,0|0|0|0|0|0|0|0|0,0|0|0|0|0|0|0|0|0,48,48,0.0,0.0,0.0,0.0,0,False,False
426,ACTIVE,3,0,0,0,0,INITIAL,2,7,22.22222222222222,8,1,0,479,32,0,3,3,0,0,0,0|0|0|0|0|2|0|0|1,0|0|0|0|0|2|0|0|1,0|0|0|0|0|0|0|0|0,0|0|0|0|0|0|0|0|0,0|0|0|0|0|0|0|0|0,48,48,0.0,0.0,0.0,0.0,0,False,False
437,ACTIVE,3,0,0,1,1,INITIAL,3,6,33.333333333333336,9,0,0,511,0,0,4,1,0,0,0,0|0|0|0|0|2|1|0|1,0|0|0|0|0|0|1|0|0,0|0|0|0|0|0|0|0|0,0|0|0|0|0|0|0|0|0,0|0|0|0|0|0|0|0|0,49,49,0.9984217286109924,0.016487695276737213,0.9992861151695251,0.07481452077627182,1,False,False
440,ACTIVE,3,0,0,0,0,INITIAL,2,7,22.22222222222222,8,1,0,479,32,0,3,3,0,0,0,0|0|0|0|0|2|0|0|1,0|0|0|0|0|2|0|0|1,0|0|0|0|0|0|0|0|0,0|0|0|0|0|0|0|0|0,0|0|0|0|0|0|0|0|0,49,49,0.0,0.0,0.0,0.0,0,False,False
438,ACTIVE,3,0,0,0,0,INITIAL,2,7,22.22222222222222,8,1,0,479,32,0,3,3,0,0,0,0|0|0|0|0|2|0|0|1,0|0|0|0|0|2|0|0|1,0|0|0|0|0|0|0|0|0,0|0|0|0|0|0|0|0|0,0|0|0|0|0|0|0|0|0,49,49,0.0,0.0,0.0,0.0,0,False,False
442,ACTIVE,3,0,0,0,0,INITIAL,2,7,22.22222222222222,8,1,0,479,32,0,3,3,0,0,0,0|0|0|0|0|2|0|0|1,0|0|0|0|0|2|0|0|1,0|0|0|0|0|0|0|0|0,0|0|0|0|0|0|0|0|0,0|0|0|0|0|0|0|0|0,49,49,0.0,0.0,0.0,0.0,0,False,False
444,ACTIVE,3,0,0,0,0,INITIAL,2,7,22.22222222222222,8,1,0,479,32,0,3,3,0,0,0,0|0|0|0|0|2|0|0|1,0|0|0|0|0|2|0|0|1,0|0|0|0|0|0|0|0|0,0|0|0|0|0|0|0|0|0,0|0|0|0|0|0|0|0|0,49,49,0.0,0.0,0.0,0.0,0,False,False
453,ACTIVE,3,0,0,0,0,INITIAL,2,7,22.22222222222222,8,1,0,447,64,0,3,3,0,0,0,0|0|0|0|0|1|2|0|0,0|0|0|0|0|1|2|0|0,0|0|0|0|0|0|0|0|0,0|0|0|0|0|0|0|0|0,0|0|0|0|0|0|0|0|0,49,49,0.0,0.0,0.0,0.0,0,False,False
454,ACTIVE,3,0,0,0,0,INITIAL,2,7,22.22222222222222,8,1,0,479,32,0,3,3,0,0,0,0|0|0|0|0|2|0|0|1,0|0|0|0|0|2|0|0|1,0|0|0|0|0|0|0|0|0,0|0|0|0|0|0|0|0|0,0|0|0|0|0|0|0|0|0,49,49,0.0,0.0,0.0,0.0,0,False,False
469,ACTIVE,3,0,0,0,0,INITIAL,2,7,22.22222222222222,9,0,0,511,0,0,3,0,0,0,0,0|0|0|0|0|2|0|0|1,0|0|0|0|0|0|0|0|0,0|0|0|0|0|0|0|0|0,0|0|0|0|0|0|0|0|0,0|0|0|0|0|0|0|0|0,50,50,0.0,0.0,0.0,0.0,0,False,False
471,ACTIVE,3,0,0,0,0,INITIAL,2,7,22.22222222222222,8,1,0,479,32,0,3,3,0,0,0,0|0|0|0|0|2|0|0|1,0|0|0|0|0|2|0|0|1,0|0|0|0|0|0|0|0|0,0|0|0|0|0|0|0|0|0,0|0|0|0|0|0|0|0|0,50,50,0.0,0.0,0.0,0.0,0,False,False
488,ACTIVE,3,0,0,2,2,INITIAL,4,5,44.44444444444444,8,1,0,479,32,0,5,5,0,0,0,0|0|0|0|0|2|1|1|1,0|0|0|0|0|2|1|1|1,0|0|0|0|0|0|0|0|0,0|0|0|0|0|0|0|0|0,0|0|0|0|0|0|0|0|0,51,54,0.9995911121368408,0.007933104527182877,0.9989739060401917,0.06462708674371243,2,False,False
497,ACTIVE,3,0,0,2,2,INITIAL,4,5,44.44444444444444,8,1,0,479,32,0,5,5,0,0,0,0|0|1|0|0|2|1|1|0,0|0|1|0|0|2|1|1|0,0|0|0|0|0|0|0|0|0,0|0|0|0|0|0|0|0|0,0|0|0|0|0|0|0|0|0,51,54,0.9972364902496338,0.01996575528755784,0.9980518817901611,0.09675011783838272,2,False,False
500,ACTIVE,3,0,0,1,1,INITIAL,3,6,33.333333333333336,8,0,1,383,0,128,4,1,0,1,2,0|0|0|0|0|2|0|1|1,0|0|0|0|0|1|0|0|0,0|0|0|0|0|0|0|0|0,0|0|0|0|0|0|0|1|0,0|0|0|0|0|1|0|0|1,51,51,0.9969976544380188,0.02204183116555214,0.9982181787490845,0.0934077724814415,1,False,False
559,ACTIVE,3,0,0,0,0,INITIAL,2,7,22.22222222222222,9,0,0,511,0,0,3,0,0,0,0,0|0|0|0|0|2|0|0|1,0|0|0|0|0|0|0|0|0,0|0|0|0|0|0|0|0|0,0|0|0|0|0|0|0|0|0,0|0|0|0|0|0|0|0|0,53,53,0.0,0.0,0.0,0.0,0,False,False
562,ACTIVE,3,0,0,0,0,INITIAL,2,7,22.22222222222222,8,1,0,479,32,0,3,3,0,0,0,0|0|0|0|0|2|0|0|1,0|0|0|0|0|2|0|0|1,0|0|0|0|0|0|0|0|0,0|0|0|0|0|0|0|0|0,0|0|0|0|0|0|0|0|0,53,53,0.0,0.0,0.0,0.0,0,False,False
568,ACTIVE,3,0,0,0,0,INITIAL,2,7,22.22222222222222,9,0,0,511,0,0,3,2,0,0,0,0|0|0|0|0|2|0|0|1,0|0|0|0|0|1|0|0|1,0|0|0|0|0|0|0|0|0,0|0|0|0|0|0|0|0|0,0|0|0|0|0|0|0|0|0,53,53,0.0,0.0,0.0,0.0,0,False,False
575,ACTIVE,3,0,0,1,1,INITIAL,3,6,33.333333333333336,9,0,0,511,0,0,4,1,0,0,0,0|0|0|0|0|2|0|1|1,0|0|0|0|0|0|0|1|0,0|0|0|0|0|0|0|0|0,0|0|0|0|0|0|0|0|0,0|0|0|0|0|0|0|0|0,53,53,0.9999397993087769,0.012521387077867985,0.9989752173423767,0.06446623057126999,1,False,False
632,ACTIVE,3,0,0,1,1,INITIAL,4,5,44.44444444444444,9,0,0,511,0,0,4,4,0,0,0,0|0|0|0|0|1|1|1|1,0|0|0|0|0|1|1|1|1,0|0|0|0|0|0|0|0|0,0|0|0|0|0|0|0|0|0,0|0|0|0|0|0|0|0|0,54,54,0.9864033460617065,0.0497707836329937,0.9983343482017517,0.07481970638036728,1,False,False
635,ACTIVE,3,0,0,3,3,INITIAL,5,4,55.55555555555556,8,1,0,447,64,0,6,6,0,0,0,0|0|1|0|0|1|2|1|1,0|0|1|0|0|1|2|1|1,0|0|0|0|0|0|0|0|0,0|0|0|0|0|0|0|0|0,0|0|0|0|0|0|0|0|0,54,54,0.9944751262664795,0.035949992636839546,0.9986026883125305,0.07005908153951168,3,False,False
631,ACTIVE,3,0,0,1,1,INITIAL,3,6,33.333333333333336,8,1,0,479,32,0,4,4,0,0,0,0|0|0|0|0|2|1|1|0,0|0|0|0|0|2|1|1|0,0|0|0|0|0|0|0|0|0,0|0|0|0|0|0|0|0|0,0|0|0|0|0|0|0|0|0,54,54,0.9855014085769653,0.05019056797027588,0.9988284707069397,0.07962662726640701,1,False,False
642,ACTIVE,3,0,0,0,0,INITIAL,2,7,22.22222222222222,8,1,0,479,32,0,3,3,0,0,0,0|0|0|0|0|2|0|0|1,0|0|0|0|0|2|0|0|1,0|0|0|0|0|0|0|0|0,0|0|0|0|0|0|0|0|0,0|0|0|0|0|0|0|0|0,54,54,0.0,0.0,0.0,0.0,0,False,False
643,ACTIVE,3,0,0,0,0,INITIAL,2,7,22.22222222222222,8,1,0,479,32,0,3,3,0,0,0,0|0|0|0|0|2|1|0|0,0|0|0|0|0|2|1|0|0,0|0|0|0|0|0|0|0|0,0|0|0|0|0|0|0|0|0,0|0|0|0|0|0|0|0|0,54,54,0.0,0.0,0.0,0.0,0,False,False
646,ACTIVE,3,0,0,1,1,INITIAL,3,6,33.333333333333336,9,0,0,511,0,0,4,3,0,0,0,0|0|0|0|0|1|1|0|2,0|0|0|0|0|1|1|0|1,0|0|0|0|0|0|0|0|0,0|0|0|0|0|0|0|0|0,0|0|0|0|0|0|0|0|0,54,54,0.9995619058609009,0.008731484413146973,0.9998654127120972,0.04139513522386551,1,False,False
634,ACTIVE,3,0,0,0,0,INITIAL,3,6,33.333333333333336,9,0,0,511,0,0,3,2,0,0,0,0|0|0|0|0|1|1|0|1,0|0|0|0|0|0|1|0|1,0|0|0|0|0|0|0|0|0,0|0|0|0|0|0|0|0|0,0|0|0|0|0|0|0|0|0,54,54,0.0,0.0,0.0,0.0,0,False,False
651,ACTIVE,3,0,0,0,0,INITIAL,2,7,22.22222222222222,9,0,0,511,0,0,3,0,0,0,0,0|0|0|0|0|2|0|0|1,0|0|0|0|0|0|0|0|0,0|0|0|0|0|0|0|0|0,0|0|0|0|0|0|0|0|0,0|0|0|0|0|0|0|0|0,54,54,0.0,0.0,0.0,0.0,0,False,False
659,ACTIVE,3,0,0,1,1,INITIAL,3,6,33.333333333333336,8,1,0,479,32,0,4,4,0,0,0,0|0|0|0|0|2|1|0|1,0|0|0|0|0|2|1|0|1,0|0|0|0|0|0|0|0|0,0|0|0|0|0|0|0|0|0,0|0|0|0|0|0|0|0|0,55,285,0.9990198612213135,0.01423865370452404,0.9994234442710876,0.07503901422023773,1,False,False
663,ACTIVE,3,0,0,0,0,INITIAL,2,7,22.22222222222222,8,1,0,447,64,0,3,3,0,0,0,0|0|0|0|0|0|2|1|0,0|0|0|0|0|0|2|1|0,0|0|0|0|0|0|0|0|0,0|0|0|0|0|0|0|0|0,0|0|0|0|0|0|0|0|0,55,55,0.0,0.0,0.0,0.0,0,False,False
669,ACTIVE,3,0,0,0,0,INITIAL,3,6,33.333333333333336,9,0,0,511,0,0,3,3,0,0,0,0|0|0|0|0|1|1|0|1,0|0|0|0|0|1|1|0|1,0|0|0|0|0|0|0|0|0,0|0|0|0|0|0|0|0|0,0|0|0|0|0|0|0|0|0,55,55,0.0,0.0,0.0,0.0,0,False,False
672,ACTIVE,3,0,0,3,3,INITIAL,5,4,55.55555555555556,8,1,0,479,32,0,6,6,0,0,0,0|0|1|0|0|2|1|1|1,0|0|1|0|0|2|1|1|1,0|0|0|0|0|0|0|0|0,0|0|0|0|0|0|0|0|0,0|0|0|0|0|0|0|0|0,55,55,0.9962016145388285,0.026503110925356548,0.9989593823750814,0.06910637145241101,3,False,False
676,ACTIVE,3,0,0,5,5,INITIAL,7,2,77.77777777777777,9,0,0,511,0,0,8,2,0,0,0,1|0|1|0|1|2|1|1|1,0|0|0|0|0|0|1|1|0,0|0|0|0|0|0|0|0|0,0|0|0|0|0|0|0|0|0,0|0|0|0|0|0|0|0|0,55,55,0.9991342067718506,0.01194664891809225,0.9994682431221008,0.0415299478918314,4,True,False
674,ACTIVE,3,0,0,1,1,INITIAL,4,5,44.44444444444444,9,0,0,511,0,0,4,4,0,0,0,0|0|0|0|0|1|1|1|1,0|0|0|0|0|1|1|1|1,0|0|0|0|0|0|0|0|0,0|0|0|0|0|0|0|0|0,0|0|0|0|0|0|0|0|0,55,55,0.9990577697753906,0.01605634018778801,0.9995276927947998,0.05410812422633171,1,False,False
678,ACTIVE,3,0,0,0,0,INITIAL,3,6,33.333333333333336,9,0,0,511,0,0,3,3,0,0,0,0|0|0|0|0|1|1|0|1,0|0|0|0|0|1|1|0|1,0|0|0|0|0|0|0|0|0,0|0|0|0|0|0|0|0|0,0|0|0|0|0|0|0|0|0,55,55,0.0,0.0,0.0,0.0,0,False,False
673,ACTIVE,3,0,0,0,0,INITIAL,2,7,22.22222222222222,8,1,0,479,32,0,3,3,0,0,0,0|0|0|0|0|2|0|0|1,0|0|0|0|0|2|0|0|1,0|0|0|0|0|0|0|0|0,0|0|0|0|0|0|0|0|0,0|0|0|0|0|0|0|0|0,55,55,0.0,0.0,0.0,0.0,0,False,False
641,ACTIVE,3,0,0,0,0,INITIAL,2,7,22.22222222222222,8,1,0,479,32,0,3,3,0,0,0,0|0|0|0|0|2|0|0|1,0|0|0|0|0|2|0|0|1,0|0|0|0|0|0|0|0|0,0|0|0|0|0|0|0|0|0,0|0|0|0|0|0|0|0|0,55,55,0.0,0.0,0.0,0.0,0,False,False
638,ACTIVE,3,0,0,0,0,INITIAL,2,7,22.22222222222222,8,1,0,447,64,0,3,3,0,0,0,0|0|0|0|0|0|2|1|0,0|0|0|0|0|0|2|1|0,0|0|0|0|0|0|0|0|0,0|0|0|0|0|0|0|0|0,0|0|0|0|0|0|0|0|0,55,55,0.0,0.0,0.0,0.0,0,False,False
720,ACTIVE,3,0,0,1,1,INITIAL,3,6,33.333333333333336,8,1,0,479,32,0,4,4,0,0,0,0|0|0|0|0|2|0|1|1,0|0|0|0|0|2|0|1|1,0|0|0|0|0|0|0|0|0,0|0|0|0|0|0|0|0|0,0|0|0|0|0|0|0|0|0,56,56,0.9962193965911865,0.024969086050987244,0.9993639588356018,0.08223467320203781,1,False,False
725,ACTIVE,3,0,0,0,0,INITIAL,2,7,22.22222222222222,8,1,0,447,64,0,3,3,0,0,0,0|0|0|0|0|0|2|1|0,0|0|0|0|0|0|2|1|0,0|0|0|0|0|0|0|0|0,0|0|0|0|0|0|0|0|0,0|0|0|0|0|0|0|0|0,56,56,0.0,0.0,0.0,0.0,0,False,False
728,ACTIVE,3,0,0,0,0,INITIAL,2,7,22.22222222222222,8,1,0,447,64,0,3,3,0,0,0,0|0|0|0|0|0|2|1|0,0|0|0|0|0|0|2|1|0,0|0|0|0|0|0|0|0|0,0|0|0|0|0|0|0|0|0,0|0|0|0|0|0|0|0|0,56,56,0.0,0.0,0.0,0.0,0,False,False
778,ACTIVE,3,0,0,1,1,INITIAL,3,6,33.333333333333336,8,1,0,479,32,0,4,4,0,0,0,0|0|0|0|0|2|0|1|1,0|0|0|0|0|2|0|1|1,0|0|0|0|0|0|0|0|0,0|0|0|0|0|0|0|0|0,0|0|0|0|0|0|0|0|0,57,57,0.9985652565956116,0.021740790456533432,0.998134434223175,0.09281990677118301,1,False,False
781,ACTIVE,3,0,0,0,0,INITIAL,2,7,22.22222222222222,8,1,0,479,32,0,3,3,0,0,0,0|0|0|0|0|2|0|0|1,0|0|0|0|0|2|0|0|1,0|0|0|0|0|0|0|0|0,0|0|0|0|0|0|0|0|0,0|0|0|0|0|0|0|0|0,57,57,0.0,0.0,0.0,0.0,0,False,False
855,ACTIVE,3,0,0,0,0,INITIAL,2,7,22.22222222222222,8,1,0,255,256,0,3,3,0,0,0,0|0|0|0|0|1|0|0|2,0|0|0|0|0|1|0|0|2,0|0|0|0|0|0|0|0|0,0|0|0|0|0|0|0|0|0,0|0|0|0|0|0|0|0|0,57,57,0.0,0.0,0.0,0.0,0,False,False
858,ACTIVE,3,0,0,0,0,INITIAL,2,7,22.22222222222222,8,1,0,447,64,0,3,3,0,0,0,0|0|0|0|1|0|2|0|0,0|0|0|0|1|0|2|0|0,0|0|0|0|0|0|0|0|0,0|0|0|0|0|0|0|0|0,0|0|0|0|0|0|0|0|0,57,57,0.0,0.0,0.0,0.0,0,False,False
864,ACTIVE,3,0,0,0,0,INITIAL,2,7,22.22222222222222,8,1,0,255,256,0,3,3,0,0,0,0|0|0|0|0|1|0|0|2,0|0|0|0|0|1|0|0|2,0|0|0|0|0|0|0|0|0,0|0|0|0|0|0|0|0|0,0|0|0|0|0|0|0|0|0,57,57,0.0,0.0,0.0,0.0,0,False,False
868,ACTIVE,3,0,0,0,0,INITIAL,2,7,22.22222222222222,8,1,0,447,64,0,3,3,0,0,0,0|0|0|0|0|1|2|0|0,0|0|0|0|0|1|2|0|0,0|0|0|0|0|0|0|0|0,0|0|0|0|0|0|0|0|0,0|0|0|0|0|0|0|0|0,57,57,0.0,0.0,0.0,0.0,0,False,False
871,ACTIVE,3,0,0,0,0,INITIAL,2,7,22.22222222222222,8,1,0,255,256,0,3,3,0,0,0,0|0|0|0|0|1|0|0|2,0|0|0|0|0|1|0|0|2,0|0|0|0|0|0|0|0|0,0|0|0|0|0|0|0|0|0,0|0|0|0|0|0|0|0|0,57,57,0.0,0.0,0.0,0.0,0,False,False
875,ACTIVE,3,0,0,0,0,INITIAL,2,7,22.22222222222222,8,1,0,447,64,0,3,3,0,0,0,0|0|0|0|1|0|2|0|0,0|0|0|0|1|0|2|0|0,0|0|0|0|0|0|0|0|0,0|0|0|0|0|0|0|0|0,0|0|0|0|0|0|0|0|0,57,57,0.0,0.0,0.0,0.0,0,False,False
885,ACTIVE,3,0,0,0,0,INITIAL,2,7,22.22222222222222,8,1,0,255,256,0,3,3,0,0,0,0|0|0|0|0|1|0|0|2,0|0|0|0|0|1|0|0|2,0|0|0|0|0|0|0|0|0,0|0|0|0|0|0|0|0|0,0|0|0|0|0|0|0|0|0,57,57,0.0,0.0,0.0,0.0,0,False,False
890,ACTIVE,3,0,0,0,0,INITIAL,2,7,22.22222222222222,8,1,0,447,64,0,3,3,0,0,0,0|0|0|0|0|1|2|0|0,0|0|0|0|0|1|2|0|0,0|0|0|0|0|0|0|0|0,0|0|0|0|0|0|0|0|0,0|0|0|0|0|0|0|0|0,57,57,0.0,0.0,0.0,0.0,0,False,False
896,ACTIVE,3,0,0,0,0,INITIAL,2,7,22.22222222222222,8,1,0,255,256,0,3,3,0,0,0,0|0|0|0|0|1|0|0|2,0|0|0|0|0|1|0|0|2,0|0|0|0|0|0|0|0|0,0|0|0|0|0|0|0|0|0,0|0|0|0|0|0|0|0|0,57,57,0.0,0.0,0.0,0.0,0,False,False
900,ACTIVE,3,0,0,0,0,INITIAL,2,7,22.22222222222222,8,1,0,447,64,0,3,3,0,0,0,0|0|0|0|0|1|2|0|0,0|0|0|0|0|1|2|0|0,0|0|0|0|0|0|0|0|0,0|0|0|0|0|0|0|0|0,0|0|0|0|0|0|0|0|0,57,57,0.0,0.0,0.0,0.0,0,False,False
903,ACTIVE,3,0,0,0,0,INITIAL,2,7,22.22222222222222,8,1,0,255,256,0,3,3,0,0,0,0|0|0|0|0|1|0|0|2,0|0|0|0|0|1|0|0|2,0|0|0|0|0|0|0|0|0,0|0|0|0|0|0|0|0|0,0|0|0|0|0|0|0|0|0,57,57,0.0,0.0,0.0,0.0,0,False,False
908,ACTIVE,3,0,0,0,0,INITIAL,2,7,22.22222222222222,8,1,0,447,64,0,3,3,0,0,0,0|0|0|0|0|0|2|1|0,0|0|0|0|0|0|2|1|0,0|0|0|0|0|0|0|0|0,0|0|0|0|0|0|0|0|0,0|0|0|0|0|0|0|0|0,57,57,0.0,0.0,0.0,0.0,0,False,False
918,ACTIVE,3,0,0,0,0,INITIAL,2,7,22.22222222222222,8,1,0,255,256,0,3,3,0,0,0,0|0|0|0|0|0|1|0|2,0|0|0|0|0|0|1|0|2,0|0|0|0|0|0|0|0|0,0|0|0|0|0|0|0|0|0,0|0|0|0|0|0|0|0|0,57,57,0.0,0.0,0.0,0.0,0,False,False
919,ACTIVE,3,0,0,0,0,INITIAL,2,7,22.22222222222222,8,1,0,447,64,0,3,3,0,0,0,0|0|0|0|0|1|2|0|0,0|0|0|0|0|1|2|0|0,0|0|0|0|0|0|0|0|0,0|0|0|0|0|0|0|0|0,0|0|0|0|0|0|0|0|0,57,57,0.0,0.0,0.0,0.0,0,False,False
921,ACTIVE,3,0,0,0,0,INITIAL,2,7,22.22222222222222,8,1,0,255,256,0,3,3,0,0,0,0|0|0|0|0|1|0|0|2,0|0|0|0|0|1|0|0|2,0|0|0|0|0|0|0|0|0,0|0|0|0|0|0|0|0|0,0|0|0|0|0|0|0|0|0,57,57,0.0,0.0,0.0,0.0,0,False,False
924,ACTIVE,3,0,0,0,0,INITIAL,2,7,22.22222222222222,8,1,0,447,64,0,3,3,0,0,0,0|0|0|0|0|1|2|0|0,0|0|0|0|0|1|2|0|0,0|0|0|0|0|0|0|0|0,0|0|0|0|0|0|0|0|0,0|0|0|0|0|0|0|0|0,57,57,0.0,0.0,0.0,0.0,0,False,False
931,ACTIVE,3,0,0,0,0,INITIAL,2,7,22.22222222222222,8,1,0,447,64,0,3,3,0,0,0,0|0|0|0|0|1|2|0|0,0|0|0|0|0|1|2|0|0,0|0|0|0|0|0|0|0|0,0|0|0|0|0|0|0|0|0,0|0|0|0|0|0|0|0|0,57,57,0.0,0.0,0.0,0.0,0,False,False
938,ACTIVE,3,0,0,1,1,INITIAL,3,6,33.333333333333336,8,1,0,447,64,0,4,4,0,0,0,0|0|0|0|1|0|2|0|1,0|0|0|0|1|0|2|0|1,0|0|0|0|0|0|0|0|0,0|0|0|0|0|0|0|0|0,0|0|0|0|0|0|0|0|0,57,57,0.9999992847442627,0.03488095477223396,0.9994073510169983,0.059210050851106644,1,False,False
941,ACTIVE,3,0,0,0,0,INITIAL,2,7,22.22222222222222,8,1,0,255,256,0,3,3,0,0,0,0|0|0|0|0|1|0|0|2,0|0|0|0|0|1|0|0|2,0|0|0|0|0|0|0|0|0,0|0|0|0|0|0|0|0|0,0|0|0|0|0|0|0|0|0,57,57,0.0,0.0,0.0,0.0,0,False,False
944,ACTIVE,3,0,0,1,1,INITIAL,3,6,33.333333333333336,8,1,0,447,64,0,4,4,0,0,0,0|0|0|0|1|1|2|0|0,0|0|0|0|1|1|2|0|0,0|0|0|0|0|0|0|0|0,0|0|0|0|0|0|0|0|0,0|0|0|0|0|0|0|0|0,57,57,0.9999996423721313,0.019184978678822517,0.9996941089630127,0.039001427590847015,1,False,False
1000,ACTIVE,3,0,0,0,0,INITIAL,2,7,22.22222222222222,8,1,0,447,64,0,3,3,0,0,0,0|0|0|0|0|0|2|1|0,0|0|0|0|0|0|2|1|0,0|0|0|0|0|0|0|0|0,0|0|0|0|0|0|0|0|0,0|0|0|0|0|0|0|0|0,57,57,0.0,0.0,0.0,0.0,0,False,False
1053,ACTIVE,3,0,0,0,0,INITIAL,2,7,22.22222222222222,8,1,0,255,256,0,3,3,0,0,0,0|0|0|0|0|1|0|0|2,0|0|0|0|0|1|0|0|2,0|0|0|0|0|0|0|0|0,0|0|0|0|0|0|0|0|0,0|0|0|0|0|0|0|0|0,57,57,0.0,0.0,0.0,0.0,0,False,False
1061,ACTIVE,3,0,0,0,0,INITIAL,2,7,22.22222222222222,8,1,0,447,64,0,3,3,0,0,0,0|0|0|0|0|0|2|1|0,0|0|0|0|0|0|2|1|0,0|0|0|0|0|0|0|0|0,0|0|0|0|0|0|0|0|0,0|0|0|0|0|0|0|0|0,57,57,0.0,0.0,0.0,0.0,0,False,False
1083,ACTIVE,3,0,0,0,0,INITIAL,2,7,22.22222222222222,8,1,0,255,256,0,3,3,0,0,0,0|0|0|0|0|1|0|0|2,0|0|0|0|0|1|0|0|2,0|0|0|0|0|0|0|0|0,0|0|0|0|0|0|0|0|0,0|0|0|0|0|0|0|0|0,57,57,0.0,0.0,0.0,0.0,0,False,False
1086,ACTIVE,3,0,0,0,0,INITIAL,2,7,22.22222222222222,8,1,0,447,64,0,3,3,0,0,0,0|0|0|0|0|0|2|1|0,0|0|0|0|0|0|2|1|0,0|0|0|0|0|0|0|0|0,0|0|0|0|0|0|0|0|0,0|0|0|0|0|0|0|0|0,57,57,0.0,0.0,0.0,0.0,0,False,False
1095,ACTIVE,3,0,0,0,0,INITIAL,2,7,22.22222222222222,8,1,0,255,256,0,3,3,0,0,0,0|0|0|0|0|1|0|0|2,0|0|0|0|0|1|0|0|2,0|0|0|0|0|0|0|0|0,0|0|0|0|0|0|0|0|0,0|0|0|0|0|0|0|0|0,57,57,0.0,0.0,0.0,0.0,0,False,False
1101,ACTIVE,3,0,0,0,0,INITIAL,2,7,22.22222222222222,8,1,0,447,64,0,3,3,0,0,0,0|0|0|0|0|0|2|1|0,0|0|0|0|0|0|2|1|0,0|0|0|0|0|0|0|0|0,0|0|0|0|0|0|0|0|0,0|0|0|0|0|0|0|0|0,57,57,0.0,0.0,0.0,0.0,0,False,False
1109,ACTIVE,3,0,0,0,0,INITIAL,2,7,22.22222222222222,8,1,0,255,256,0,3,3,0,0,0,0|0|0|0|0|1|0|0|2,0|0|0|0|0|1|0|0|2,0|0|0|0|0|0|0|0|0,0|0|0|0|0|0|0|0|0,0|0|0|0|0|0|0|0|0,57,57,0.0,0.0,0.0,0.0,0,False,False
1147,ACTIVE,3,0,0,1,1,INITIAL,3,6,33.333333333333336,8,1,0,479,32,0,4,4,0,0,0,0|0|0|0|0|2|1|0|1,0|0|0|0|0|2|1|0|1,0|0|0|0|0|0|0|0|0,0|0|0|0|0|0|0|0|0,0|0|0|0|0|0|0|0|0,58,264,0.998638391494751,0.020053047686815262,0.9988933205604553,0.06141405925154686,1,False,False
1212,ACTIVE,3,0,0,0,0,INITIAL,2,7,22.22222222222222,8,1,0,255,256,0,3,3,0,0,0,0|0|0|0|0|0|1|0|2,0|0|0|0|0|0|1|0|2,0|0|0|0|0|0|0|0|0,0|0|0|0|0|0|0|0|0,0|0|0|0|0|0|0|0|0,59,59,0.0,0.0,0.0,0.0,0,False,False
1525,ACTIVE,3,0,0,2,2,INITIAL,4,5,44.44444444444444,8,1,0,383,128,0,5,5,0,0,0,0|0|0|0|0|1|1|2|1,0|0|0|0|0|1|1|2|1,0|0|0|0|0|0|0|0|0,0|0|0|0|0|0|0|0|0,0|0|0|0|0|0|0|0|0,68,119,0.9993474781513214,0.009950203355401754,0.9990893304347992,0.056347327306866646,2,False,False
1199,ACTIVE,3,0,0,0,0,INITIAL,2,7,22.22222222222222,8,1,0,383,128,0,3,3,0,0,0,0|0|0|0|0|0|1|2|0,0|0|0|0|0|0|1|2|0,0|0|0|0|0|0|0|0|0,0|0|0|0|0|0|0|0|0,0|0|0|0|0|0|0|0|0,69,69,0.0,0.0,0.0,0.0,0,False,False
1201,ACTIVE,3,0,0,3,3,INITIAL,5,4,55.55555555555556,8,1,0,383,128,0,6,6,0,0,0,0|0|0|0|1|1|1|2|1,0|0|0|0|1|1|1|2|1,0|0|0|0|0|0|0|0|0,0|0|0|0|0|0|0|0|0,0|0|0|0|0|0|0|0|0,69,69,0.9973422884941101,0.02040505999078353,0.9991142948468527,0.06097704668839773,3,False,False
1202,ACTIVE,3,0,0,1,1,INITIAL,4,5,44.44444444444444,9,0,0,511,0,0,4,4,0,0,0,0|0|0|0|0|1|1|1|1,0|0|0|0|0|1|1|1|1,0|0|0|0|0|0|0|0|0,0|0|0|0|0|0|0|0|0,0|0|0|0|0|0|0|0|0,69,69,0.9934326410293579,0.03474131226539612,0.9987545609474182,0.08328969776630402,1,False,False
2364,ACTIVE,3,0,0,6,6,INITIAL,8,1,88.88888888888889,8,1,0,383,128,0,9,9,0,0,0,1|0|1|1|1|1|1|2|1,1|0|1|1|1|1|1|2|1,0|0|0|0|0|0|0|0|0,0|0|0|0|0|0|0|0|0,0|0|0|0|0|0|0|0|0,76,173,0.9991463522116343,0.011225184658542275,0.9991548955440521,0.05898182590802511,6,False,False
2651,ACTIVE,3,0,0,3,3,INITIAL,5,4,55.55555555555556,8,1,0,383,128,0,6,6,0,0,0,0|0|0|0|1|1|1|2|1,0|0|0|0|1|1|1|2|1,0|0|0|0|0|0|0|0|0,0|0|0|0|0|0|0|0|0,0|0|0|0|0|0|0|0|0,84,88,0.9953203002611796,0.026357164606451988,0.999296506245931,0.057297067095836006,3,False,False
2032,ACTIVE,3,0,0,6,6,INITIAL,8,1,88.88888888888889,8,1,0,383,128,0,9,9,0,0,0,1|0|1|1|1|1|1|2|1,1|0|1|1|1|1|1|2|1,0|0|0|0|0|0|0|0|0,0|0|0|0|0|0|0|0|0,0|0|0|0|0|0|0|0|0,100,373,0.9947219689687093,0.02756394228587548,0.9985981980959574,0.07806943791608016,6,False,False
1463,ACTIVE,3,0,0,0,0,INITIAL,2,7,22.22222222222222,8,1,0,383,128,0,3,3,0,0,0,0|0|0|0|0|0|1|2|0,0|0|0|0|0|0|1|2|0,0|0|0|0|0|0|0|0|0,0|0|0|0|0|0|0|0|0,0|0|0|0|0|0|0|0|0,108,108,0.0,0.0,0.0,0.0,0,False,False
1464,ACTIVE,3,0,0,0,0,INITIAL,2,7,22.22222222222222,8,1,0,383,128,0,3,3,0,0,0,0|0|0|0|0|0|1|2|0,0|0|0|0|0|0|1|2|0,0|0|0|0|0|0|0|0|0,0|0|0|0|0|0|0|0|0,0|0|0|0|0|0|0|0|0,108,108,0.0,0.0,0.0,0.0,0,False,False
4989,ACTIVE,3,0,0,5,5,INITIAL,7,2,77.77777777777777,8,1,0,383,128,0,8,8,0,0,0,1|0|0|1|1|1|1|2|1,1|0|0|1|1|1|1|2|1,0|0|0|0|0|0|0|0|0,0|0|0|0|0|0|0|0|0,0|0|0|0|0|0|0|0|0,113,370,0.9993361473083496,0.017622288316488266,0.9989487648010253,0.07414224669337273,5,False,False
5312,ACTIVE,3,0,0,1,1,INITIAL,3,6,33.333333333333336,8,1,0,383,128,0,4,4,0,0,0,0|0|0|0|0|0|1|2|1,0|0|0|0|0|0|1|2|1,0|0|0|0|0|0|0|0|0,0|0|0|0|0|0|0|0|0,0|0|0|0|0|0|0|0|0,113,320,0.9970334768295288,0.035448044538497925,0.999897301197052,0.032305262982845306,1,False,False
5793,ACTIVE,3,0,0,6,6,INITIAL,8,1,88.88888888888889,8,1,0,383,128,0,9,9,0,0,0,1|0|1|1|1|1|1|2|1,1|0|1|1|1|1|1|2|1,0|0|0|0|0|0|0|0|0,0|0|0|0|0|0|0|0|0,0|0|0|0|0|0|0|0|0,138,257,0.9983637233575186,0.01669224724173546,0.9987831513086954,0.06556170402715604,6,False,False
7164,ACTIVE,3,0,0,2,2,INITIAL,4,5,44.44444444444444,8,1,0,383,128,0,5,5,0,0,0,0|0|0|0|0|1|1|2|1,0|0|0|0|0|1|1|2|1,0|0|0|0|0|0|0|0|0,0|0|0|0|0|0|0|0|0,0|0|0|0|0|0|0|0|0,158,356,0.9984892308712006,0.020465544424951077,0.9989973306655884,0.05764229968190193,2,False,False
5321,ACTIVE,3,0,0,0,0,INITIAL,2,7,22.22222222222222,8,1,0,383,128,0,3,3,0,0,0,0|0|0|0|0|0|0|2|1,0|0|0|0|0|0|0|2|1,0|0|0|0|0|0|0|0|0,0|0|0|0|0|0|0|0|0,0|0|0|0|0|0|0|0|0,186,186,0.0,0.0,0.0,0.0,0,False,False
4998,ACTIVE,3,0,0,3,3,INITIAL,5,4,55.55555555555556,8,1,0,383,128,0,6,6,0,0,0,0|0|0|0|1|1|1|2|1,0|0|0|0|1|1|1|2|1,0|0|0|0|0|0|0|0|0,0|0|0|0|0|0|0|0|0,0|0|0|0|0|0|0|0|0,188,219,0.9976445436477661,0.02721268559495608,0.9991082549095154,0.0768847440679868,3,False,False
4659,ACTIVE,3,0,0,0,0,INITIAL,2,7,22.22222222222222,8,1,0,383,128,0,3,3,0,0,0,0|0|0|0|0|0|1|2|0,0|0|0|0|0|0|1|2|0,0|0|0|0|0|0|0|0|0,0|0|0|0|0|0|0|0|0,0|0|0|0|0|0|0|0|0,189,189,0.0,0.0,0.0,0.0,0,False,False
4951,ACTIVE,3,0,0,5,5,INITIAL,7,2,77.77777777777777,8,1,0,447,64,0,8,8,0,0,0,1|0|0|1|1|1|2|1|1,1|0|0|1|1|1|2|1|1,0|0|0|0|0|0|0|0|0,0|0|0|0|0|0|0|0|0,0|0|0|0|0|0|0|0|0,208,377,0.999128782749176,0.01566859520971775,0.9991564869880676,0.06602788046002388,5,False,False
4958,ACTIVE,3,0,0,1,1,INITIAL,3,6,33.333333333333336,8,1,0,383,128,0,4,4,0,0,0,0|0|0|0|0|0|1|2|1,0|0|0|0|0|0|1|2|1,0|0|0|0|0|0|0|0|0,0|0|0|0|0|0|0|0|0,0|0|0|0|0|0|0|0|0,208,208,0.99516761302948,0.03393132612109184,0.9980664849281311,0.08115389198064804,1,False,False
1398,ACTIVE,3,0,0,0,0,INITIAL,2,7,22.22222222222222,8,1,0,383,128,0,3,3,0,0,0,0|0|0|0|0|0|1|2|0,0|0|0|0|0|0|1|2|0,0|0|0|0|0|0|0|0|0,0|0|0|0|0|0|0|0|0,0|0|0|0|0|0|0|0|0,242,242,0.0,0.0,0.0,0.0,0,False,False
277,ACTIVE,3,0,0,5,5,INITIAL,8,1,88.88888888888889,9,0,0,511,0,0,8,8,0,0,0,1|0|1|1|1|1|1|1|1,1|0|1|1|1|1|1|1|1,0|0|0|0|0|0|0|0|0,0|0|0|0|0|0|0|0|0,0|0|0|0|0|0|0|0|0,261,346,0.997504734992981,0.024580626096576453,0.9988240480422974,0.06512259617447853,5,False,False
15073,ACTIVE,3,0,0,3,3,INITIAL,5,4,55.55555555555556,8,1,0,447,64,0,6,6,0,0,0,0|0|0|0|1|1|2|1|1,0|0|0|0|1|1|2|1|1,0|0|0|0|0|0|0|0|0,0|0|0|0|0|0|0|0|0,0|0|0|0|0|0|0|0|0,261,307,0.9971160491307577,0.031048716977238655,0.9976768692334493,0.07653881485263507,3,False,False
4431,ACTIVE,3,0,0,0,0,INITIAL,2,7,22.22222222222222,8,1,0,383,128,0,3,3,0,0,0,0|0|0|0|0|0|1|2|0,0|0|0|0|0|0|1|2|0,0|0|0|0|0|0|0|0|0,0|0|0|0|0|0|0|0|0,0|0|0|0|0|0|0|0|0,270,270,0.0,0.0,0.0,0.0,0,False,False
12793,ACTIVE,3,0,0,3,3,INITIAL,5,4,55.55555555555556,8,1,0,383,128,0,6,6,0,0,0,0|0|0|0|1|1|1|2|1,0|0|0|0|1|1|1|2|1,0|0|0|0|0|0|0|0|0,0|0|0|0|0|0|0|0|0,0|0|0|0|0|0|0|0|0,274,352,0.9980319539705912,0.024650564417243004,0.9993188182512919,0.055382451663414635,3,False,False
15893,ACTIVE,3,0,0,1,1,INITIAL,4,5,44.44444444444444,9,0,0,511,0,0,4,4,0,0,0,0|0|0|0|0|1|1|1|1,0|0|0|0|0|1|1|1|1,0|0|0|0|0|0|0|0|0,0|0|0|0|0|0|0|0|0,0|0|0|0|0|0|0|0|0,297,329,0.998950183391571,0.017964143306016922,0.9995656609535217,0.03912699222564697,1,False,False
660,ACTIVE,3,0,0,0,0,INITIAL,3,6,33.333333333333336,9,0,0,511,0,0,3,3,0,0,0,0|0|0|0|0|1|1|0|1,0|0|0|0|0|1|1|0|1,0|0|0|0|0|0|0|0|0,0|0|0|0|0|0|0|0|0,0|0|0|0|0|0|0|0|0,300,300,0.0,0.0,0.0,0.0,0,False,False
766,ACTIVE,3,0,0,3,3,INITIAL,5,4,55.55555555555556,8,1,0,479,32,0,6,6,0,0,0,0|0|0|0|1|2|1|1|1,0|0|0|0|1|2|1|1|1,0|0|0|0|0|0|0|0|0,0|0|0|0|0|0|0|0|0,0|0|0|0|0|0|0|0|0,307,346,0.9991630713144938,0.016239569522440434,0.9985971649487814,0.0730314627289772,3,False,False
17743,ACTIVE,3,0,0,5,5,INITIAL,8,1,88.88888888888889,9,0,0,511,0,0,8,8,0,0,0,1|0|1|1|1|1|1|1|1,1|0|1|1|1|1|1|1|1,0|0|0|0|0|0|0|0|0,0|0|0|0|0|0|0|0|0,0|0|0|0|0|0|0|0|0,307,346,0.9991879940032959,0.01689998097717762,0.9990829110145569,0.0681092120707035,5,False,False
782,ACTIVE,3,0,0,4,4,INITIAL,6,3,66.66666666666667,8,1,0,255,256,0,7,7,0,0,0,1|0|0|0|1|1|1|1|2,1|0|0|0|1|1|1|1|2,0|0|0|0|0|0|0|0|0,0|0|0|0|0|0|0|0|0,0|0|0|0|0|0|0|0|0,307,346,0.9987086653709412,0.01750224642455578,0.9979314357042313,0.05753904767334461,4,False,False
278,ACTIVE,3,0,0,0,0,INITIAL,2,7,22.22222222222222,8,1,0,479,32,0,3,3,0,0,0,0|0|0|0|0|2|0|0|1,0|0|0|0|0|2|0|0|1,0|0|0|0|0|0|0|0|0,0|0|0|0|0|0|0|0|0,0|0|0|0|0|0|0|0|0,329,329,0.0,0.0,0.0,0.0,0,False,False
17753,ACTIVE,3,0,0,0,0,INITIAL,3,6,33.333333333333336,9,0,0,511,0,0,3,3,0,0,0,0|0|0|0|0|0|1|1|1,0|0|0|0|0|0|1|1|1,0|0|0|0|0|0|0|0|0,0|0|0|0|0|0|0|0|0,0|0|0|0|0|0|0|0|0,329,329,0.0,0.0,0.0,0.0,0,False,False
18702,ACTIVE,3,0,0,3,3,INITIAL,5,4,55.55555555555556,8,1,0,447,64,0,6,6,0,0,0,1|0|0|0|1|1|2|0|1,1|0|0|0|1|1|2|0|1,0|0|0|0|0|0|0|0|0,0|0|0|0|0|0|0|0|0,0|0|0|0|0|0|0|0|0,329,329,0.9970151782035828,0.028509798770149548,0.9959965745608012,0.0770488108197848,3,False,False
506,ACTIVE,3,0,0,0,0,INITIAL,2,7,22.22222222222222,8,1,0,255,256,0,3,3,0,0,0,0|0|0|0|0|0|1|0|2,0|0|0|0|0|0|1|0|2,0|0|0|0|0|0|0|0|0,0|0|0|0|0|0|0|0|0,0|0|0|0|0|0|0|0|0,345,345,0.0,0.0,0.0,0.0,0,False,False
768,ACTIVE,3,0,0,2,2,INITIAL,4,5,44.44444444444444,9,0,0,511,0,0,5,2,0,0,0,0|0|0|0|0|2|1|1|1,0|0|0|0|0|0|0|1|1,0|0|0|0|0|0|0|0|0,0|0|0|0|0|0|0|0|0,0|0|0|0|0|0|0|0|0,346,346,0.9996844828128815,0.010509054642170668,0.999374508857727,0.055945453234016895,2,False,False
17317,ACTIVE,3,0,0,1,1,INITIAL,3,6,33.333333333333336,8,1,0,447,64,0,4,4,0,0,0,0|0|0|0|0|0|2|1|1,0|0|0|0|0|0|2|1|1,0|0|0|0|0|0|0|0|0,0|0|0|0|0|0|0|0|0,0|0|0|0|0|0|0|0|0,350,350,0.9991089105606079,0.016292070969939232,0.9998978972434998,0.01949259638786316,1,False,False
11854,ACTIVE,3,0,0,0,0,INITIAL,2,7,22.22222222222222,8,1,0,447,64,0,3,3,0,0,0,0|0|0|0|0|0|2|1|0,0|0|0|0|0|0|2|1|0,0|0|0|0|0|0|0|0|0,0|0|0|0|0|0|0|0|0,0|0|0|0|0|0|0|0|0,362,362,0.0,0.0,0.0,0.0,0,False,False
20389,ACTIVE,3,0,0,4,4,INITIAL,6,3,66.66666666666667,8,1,0,447,64,0,7,7,0,0,0,0|0|0|1|1|1|2|1|1,0|0|0|1|1|1|2|1|1,0|0|0|0|0|0|0|0|0,0|0|0|0|0|0|0|0|0,0|0|0|0|0|0|0|0|0,364,380,0.9997827410697937,0.006965395994484425,0.9990400820970535,0.059892332181334496,4,False,False
20520,ACTIVE,3,0,0,1,1,INITIAL,3,6,33.333333333333336,8,1,0,447,64,0,4,4,0,0,0,0|0|0|0|0|0|2|1|1,0|0|0|0|0|0|2|1|1,0|0|0|0|0|0|0|0|0,0|0|0|0|0|0|0|0|0,0|0|0|0|0|0|0|0|0,380,389,0.9996510148048401,0.010339753702282906,0.9981085062026978,0.08272317796945572,1,False,False
